Reference Date, Settlement Location (Resource)/MP,Day-Ahead Make Whole Payment Amount,Reliability Unit Commitment Make Whole Payment Amount,Real-Time Out-of-Merit Amount,Real-Time Regulation Service Deployment Adjustment Amount,Real-Time Reserve Sharing Group Amount,Regulation-Up Mileage Make Whole Payment Amount,Regulation-Down Mileage Make Whole Payment Amount,Total Uplift Payments
02/2025,AECC_ELKINS,,,0.00,,,,,0.00
02/2025,AECC_FITZHUGH,-107980.37,-117222.14,-34.84,967.58,,-23.12,-116.95,-224409.84
02/2025,AECC_FLTCREEK,0.00,0.00,-17.97,,,0.00,0.00,-17.97
02/2025,AECC_FULTON,-285064.47,-301933.79,0.00,1.48,,0.00,-3.84,-587000.62
02/2025,AECC_HYDRO13,0.00,,0.00,,,,,0.00
02/2025,AECC_JWTURK,0.00,,0.00,,,,,0.00
02/2025,ANTELOPE,-8392.76,-45557.69,0.00,2204.01,,-0.99,0.00,-51747.43
02/2025,BEPM.ER01.DDR,,,0.00,,,,,0.00
02/2025,BLUECANYON1,,,0.00,,,,,0.00
02/2025,BLUECANYON2,0.00,,-72.20,,,,,-72.20
02/2025,BLUECANYON5,0.00,,0.00,,,,,0.00
02/2025,BLUECANYON6,0.00,,-47.97,,,,,-47.97
02/2025,BUFFALO_DUNES_WIND,,,0.00,,,,,0.00
02/2025,CANADIAN_HILLS_1,0.00,,0.00,,,,,0.00
02/2025,CANADIAN_HILLS_2,0.00,,0.00,,,,,0.00
02/2025,CANADIAN_HILLS_3,0.00,,0.00,,,,,0.00
02/2025,CANADIAN_HILLS_4,-0.67,,0.00,,,,,-0.67
02/2025,CANADIAN_HILLS_5,,,0.00,,,,,0.00
02/2025,CANEY_RIVER_WINDPOWER,,,0.00,,,,,0.00
02/2025,CASS_CO_1,-202457.92,-162566.43,0.00,,,0.00,0.00,-365024.35
02/2025,CASS_CO_2,-205901.77,,0.00,-659.77,,0.00,,-206561.54
02/2025,COFFEYVILLE_7,-50239.08,-8625.50,0.00,,,0.00,0.00,-58864.58
02/2025,COWP_GEN1,,,0.00,,,,,0.00
02/2025,COWP_GEN2,-10998.24,-46381.75,0.00,,,0.00,0.00,-57379.99
02/2025,CROSSROADS1,-20116.84,-22923.01,0.00,,,0.00,0.00,-43039.85
02/2025,CROSSROADS2,-16963.10,-46086.97,0.00,,,0.00,0.00,-63050.07
02/2025,CROSSROADS3,-19441.44,-57389.91,0.00,,,0.00,0.00,-76831.35
02/2025,CROSSROADS4,-19403.51,-6861.69,0.00,,,0.00,0.00,-26265.20
02/2025,CSWARSENALHILL5,-52006.81,-21597.53,0.00,-38.86,,-0.03,0.00,-73643.23
02/2025,CSWCOMANCHE1,-106771.37,-56584.66,-629.56,-767.72,,0.00,0.00,-164753.31
02/2025,CSWETTURK,-1103.00,0.00,-92.49,-1917.45,,-12.23,-120.83,-3246.00
02/2025,CSWFLINTCREEK1,0.00,0.00,-34.05,265.67,,-23.39,-0.74,207.49
02/2025,CSWJLSTALL,-3557.07,0.00,-837.00,-1184.67,,-0.94,-91.69,-5671.37
02/2025,CSWKNOXLEE5,-9785.12,-22141.16,-265.03,-436.63,,0.00,0.00,-32627.94
02/2025,CSWLIEBERMAN3,-46364.80,-41068.44,0.00,,,0.00,0.00,-87433.24
02/2025,CSWLIEBERMAN4,-10997.73,-22397.93,-14.18,,,0.00,0.00,-33409.84
02/2025,CSWMATTISON1,-7710.05,-179033.99,0.00,,,0.00,0.00,-186744.04
02/2025,CSWMATTISON2,-7651.08,-181731.72,0.00,,,0.00,0.00,-189382.80
02/2025,CSWMATTISON3,,0.00,0.00,,,0.00,0.00,0.00
02/2025,CSWMATTISON4,,0.00,0.00,,,0.00,0.00,0.00
02/2025,CSWMSTURK,-1889.36,0.00,-147.17,-2638.93,,-28.59,-156.63,-4860.68
02/2025,CSWNARROWS1,,,0.00,,,,,0.00
02/2025,CSWNORTHEASTERN1,0.00,,-15285.46,-26008.37,,-108.36,-993.05,-42395.24
02/2025,CSWNORTHEASTERN2,-69875.93,0.00,-69.35,1423.47,,0.00,-34.68,-68556.49
02/2025,CSWNORTHEASTERN3,-3661.51,,-61.89,192.03,,-14.88,,-3546.25
02/2025,CSWRIVERSIDE1,0.00,-1026.20,0.00,14.34,,0.00,0.00,-1011.86
02/2025,CSWRIVERSIDE2,-157773.58,-412208.67,0.00,0.00,,0.00,0.00,-569982.25
02/2025,CSWRIVERSIDE3,-10374.87,-109208.74,0.00,,,0.00,0.00,-119583.61
02/2025,CSWRIVERSIDE4,-12462.26,-98866.32,0.00,,,0.00,0.00,-111328.58
02/2025,CSWS.7CBY.7CBYWIND,,,0.00,,,,,0.00
02/2025,CSWS.AECC.DRIFTSAND,0.00,,0.00,,,,,0.00
02/2025,CSWS.AECC.WILDHORSE,0.00,,0.00,,,,,0.00
02/2025,CSWS.EKCW.EKCW,0.00,,-903.98,,,,,-903.98
02/2025,CSWS.ELK2.ELKCITY2,,,-11.70,,,,,-11.70
02/2025,CSWS.FPLP.RSES.MSR,,-418.19,-642.04,0.00,,0.00,0.00,-1060.23
02/2025,CSWS.GRID.CDL1,0.00,,0.00,,,,,0.00
02/2025,CSWS.HCPP.RBPW,0.00,,0.00,,,,,0.00
02/2025,CSWS.KCSP.KIOWACTT,0.00,,0.00,,,,,0.00
02/2025,CSWS.NUEN.CSI1,,,0.00,,,,,0.00
02/2025,CSWS.NUEN.CSI2,,,0.00,,,,,0.00
02/2025,CSWS.NUEN.CSI3,,,0.00,,,,,0.00
02/2025,CSWS.NUEN.GAZA,,,0.00,,,,,0.00
02/2025,CSWS.NUEN.T201,0.00,,0.00,,,,,0.00
02/2025,CSWS.OKUDC.DVWIND,,,0.00,,,,,0.00
02/2025,CSWS.OMPA.TURK,0.00,,-0.41,,,,,-0.41
02/2025,CSWS.RRSL.ROCKNRSLR,,,0.00,,,,,0.00
02/2025,CSWS.RSPA.RUSHSPRWNDA,0.00,,-12.11,,,,,-12.11
02/2025,CSWS.RSPB.RUSHSPRWNDB,0.00,,-183.32,,,,,-183.32
02/2025,CSWS.TNSK.CADO,0.00,,0.00,,,,,0.00
02/2025,CSWS.TNSK.ELKCITY2,0.00,,-169.78,,,,,-169.78
02/2025,CSWS.TNSK.GATEWAY,-165819.99,0.00,0.00,,,0.00,0.00,-165819.99
02/2025,CSWS.TNSK.GREENCOUNTRY,-54287.39,-5559.86,-23.53,-1091.45,,-140.34,-194.45,-61297.02
02/2025,CSWS.TNSK.GREENCOUNTRY2,-12343.66,-29098.10,-22.22,-1525.37,,-132.25,-169.55,-43291.15
02/2025,CSWS.TNSK.GREENCOUNTRY3,-10273.45,-2179.21,-19.79,-1389.74,,-137.69,-222.97,-14222.85
02/2025,CSWS.TNSK.KIAPB1,-7198.92,-2697.84,0.00,,,0.00,0.00,-9896.76
02/2025,CSWS.TNSK.KIAPB2,-2134.51,-1481.38,0.00,,,0.00,0.00,-3615.89
02/2025,CSWS.VOLT.0044,,,0.00,,,,,0.00
02/2025,CSWS.VOLT.0050,,0.00,0.00,,,0.00,0.00,0.00
02/2025,CSWS.VOLT.0056,,,0.00,,,,,0.00
02/2025,CSWS.VOLT.0057,,,0.00,,,,,0.00
02/2025,CSWS.VOLT.0060,,,0.00,,,,,0.00
02/2025,CSWS.VOLT.0086,,0.00,0.00,,,0.00,0.00,0.00
02/2025,CSWS.VOLT.0121,,,0.00,,,,,0.00
02/2025,CSWS.VOLT.0122,,,0.00,,,,,0.00
02/2025,CSWS.VOLT.0124,,,0.00,,,,,0.00
02/2025,CSWS.VOLT.0135,,,0.00,,,,,0.00
02/2025,CSWS.VOLT.0144,,,0.00,,,,,0.00
02/2025,CSWS.VOLT.0145,,,0.00,,,,,0.00
02/2025,CSWS.VOLT.0175,,,0.00,,,,,0.00
02/2025,CSWS.VOLT.0211,,,0.00,,,,,0.00
02/2025,CSWS.VOLT.0213,,,0.00,,,,,0.00
02/2025,CSWS.VOLT.0215,,,0.00,,,,,0.00
02/2025,CSWS.VOLT.0217,,,0.00,,,,,0.00
02/2025,CSWS.VOLT.0218,,,0.00,,,,,0.00
02/2025,CSWS.VOLT.0228,,,0.00,,,,,0.00
02/2025,CSWS.VOLT.0232,,,0.00,,,,,0.00
02/2025,CSWS.VOLT.0233,,,0.00,,,,,0.00
02/2025,CSWS.VOLT.0240,,,0.00,,,,,0.00
02/2025,CSWS.VOLT.0244,,,0.00,,,,,0.00
02/2025,CSWS.VOLT.0246,0.00,0.00,0.00,,,0.00,0.00,0.00
02/2025,CSWS.VOLT.0249,,,0.00,,,,,0.00
02/2025,CSWS.VOLT.0250,,,0.00,,,,,0.00
02/2025,CSWS.VOLT.0251,,,0.00,,,,,0.00
02/2025,CSWS.VOLT.0252,,,0.00,,,,,0.00
02/2025,CSWS.WRWE.EAST,0.00,,-189.88,,,,,-189.88
02/2025,CSWS.WRWW.WEST,0.00,,0.00,,,,,0.00
02/2025,CSWS.WTHW.WTHW,0.00,,0.00,,,,,0.00
02/2025,CSWSEASTMAN,0.00,0.00,-11.62,,,0.00,0.00,-11.62
02/2025,CSWSLEEPINGBEAR,,,0.00,,,,,0.00
02/2025,CSWSOUTHWESTERN1,-42432.42,-34162.82,0.00,-0.01,,0.00,0.00,-76595.25
02/2025,CSWSOUTHWESTERN2,-49817.41,-30100.54,-194.93,9.20,,0.00,0.00,-80103.68
02/2025,CSWSOUTHWESTERN3,,,0.00,,,,,0.00
02/2025,CSWSOUTHWESTERN4,-63618.28,-243780.30,0.00,,,0.00,0.00,-307398.58
02/2025,CSWSOUTHWESTERN5,-37953.36,-228077.98,0.00,,,0.00,0.00,-266031.34
02/2025,CSWSWTURK,-7942.05,0.00,-662.09,-9329.10,,-69.79,-609.71,-18612.74
02/2025,CSWTULSA2,-77134.88,-10849.44,-22.50,87.19,,0.00,0.00,-87919.63
02/2025,CSWTULSA4,-18882.50,-47470.61,0.00,-219.38,,0.00,0.00,-66572.49
02/2025,CSWWELEETKA4,,,0.00,,,,,0.00
02/2025,CSWWELEETKA5,,0.00,0.00,,,0.00,0.00,0.00
02/2025,CSWWELSH1,-30185.14,,-381.87,286.86,,0.00,0.00,-30280.15
02/2025,CSWWELSH3,-86.00,-5652.27,-488.52,2317.42,,-5.46,0.00,-3914.83
02/2025,CSWWILKES1,-54094.00,-25918.15,0.00,144.29,,0.00,0.00,-79867.86
02/2025,CSWWILKES2,-101878.86,-138134.76,-4.38,-107.21,,0.00,0.00,-240125.21
02/2025,CSWWILKES3,-49605.62,-24619.62,-4.09,-29.71,,0.00,-1.04,-74260.08
02/2025,DEMPSEY_RIDGE_WIND,,,-155.26,,,,,-155.26
02/2025,DOGWOOD,-25241.88,-300817.57,-1304.92,-18905.17,,-131.40,-254.64,-346655.58
02/2025,EDE.KINGSPOINT,0.00,,-10056.44,,,,,-10056.44
02/2025,EDE.NEOSHORDGE,0.00,,0.00,,,,,0.00
02/2025,EDE.NORTHFORK,0.00,,-12118.35,,,,,-12118.35
02/2025,EDE.SLCC,-221508.62,-836.96,-951.17,-3852.32,,-48.96,-358.71,-227556.74
02/2025,EDE_EC_01,,-140070.52,0.00,,,0.00,0.00,-140070.52
02/2025,EDE_EC_02,-36407.35,-79298.07,0.00,,,0.00,0.00,-115705.42
02/2025,EDE_EC_03,-15593.94,-45515.52,0.00,115.76,,-0.60,-0.20,-60994.50
02/2025,EDE_EC_04,-280.15,-133107.40,0.00,-76.52,,-1.49,-0.20,-133465.76
02/2025,EDE_ERW,0.00,,0.00,,,,,0.00
02/2025,EDE_MWW,0.00,,0.00,,,,,0.00
02/2025,EDE_OZD_5,,0.00,0.00,,,0.00,0.00,0.00
02/2025,EDE_OZD_6,,0.00,0.00,,,0.00,0.00,0.00
02/2025,EDE_OZD_7,,0.00,0.00,,,0.00,0.00,0.00
02/2025,EDE_OZD_8,,0.00,0.00,,,0.00,0.00,0.00
02/2025,EDE_PLUMPOINT,0.00,,-215.88,-906.44,,-8.26,-162.15,-1292.73
02/2025,EDE_RIV_10,,0.00,0.00,,,0.00,0.00,0.00
02/2025,EDE_RIV_11,,,0.00,,,,,0.00
02/2025,EDE_RIV_12,-7928.73,-6359.95,-146.93,-2632.62,,-5.86,-174.27,-17248.36
02/2025,EDE_SL_01,-52492.39,-77136.40,0.00,,,0.00,0.00,-129628.79
02/2025,EKC.SFEC.SFEC,,,0.00,,,,,0.00
02/2025,FLAT_WATER,0.00,,0.00,,,,,0.00
02/2025,FREM_50T,,,0.00,,,,,0.00
02/2025,FREM_6,,,0.00,,,,,0.00
02/2025,FREM_7,,,0.00,,,,,0.00
02/2025,FREM_8,0.00,,0.00,,,,,0.00
02/2025,FRONTIER,-37098.71,0.00,0.00,,,0.00,0.00,-37098.71
02/2025,GOODWELL_WIND,0.00,,0.00,,,,,0.00
02/2025,GRDA.BRECK,0.00,,0.00,,,,,0.00
02/2025,GRDA.COFF10,-57.21,-4990.99,0.00,,,0.00,0.00,-5048.20
02/2025,GRDA.COFF8,0.00,-1238.69,0.00,,,0.00,0.00,-1238.69
02/2025,GRDA.COFF9,-648.80,-5941.17,0.00,,,0.00,0.00,-6589.97
02/2025,GRDA.GREC2,-95683.48,,0.00,,,,,-95683.48
02/2025,GRDA.GREC3,-50366.60,,-851.56,2970.41,,-67.68,-231.00,-48546.43
02/2025,GRDA.KAY,0.00,,0.00,,,,,0.00
02/2025,GRDA.SEC1,-228.22,-5922.92,0.00,,,0.00,0.00,-6151.14
02/2025,GRDA.SEC2,,,0.00,,,,,0.00
02/2025,GRDA.SEC3,-543.78,-4641.51,0.00,,,0.00,0.00,-5185.29
02/2025,GRDA.VOLT.0130,0.00,,0.00,,,,,0.00
02/2025,GRDA.VOLT.0237,0.00,,0.00,,,,,0.00
02/2025,GSPWR,,,-1037.00,,,,,-1037.00
02/2025,HARRISON,-360799.70,-58511.40,-9569.47,-780.69,,-176.53,-1295.27,-431133.06
02/2025,INDNSUB_H_5,-7899.81,-14983.06,0.00,-40941.22,,0.00,-232.98,-64057.07
02/2025,INDNSUB_H_6,,,0.00,,,,,0.00
02/2025,INDNSUB_I_3,-3492.37,-38798.75,0.00,-6608.36,,0.00,-20.55,-48920.03
02/2025,INDNSUB_I_4,-340.36,-32369.62,0.00,-5396.37,,0.00,-17.67,-38124.02
02/2025,INDNSUB_J_1,,-19804.25,0.00,-484.60,,0.00,0.00,-20288.85
02/2025,INDNSUB_J_2,,,0.00,,,,,0.00
02/2025,INDN_MWE_SMKY2,0.00,,0.00,,,,,0.00
02/2025,JONES_STREET_1,,-100725.94,0.00,0.00,,0.00,0.00,-100725.94
02/2025,JONES_STREET_2,,-97690.46,0.00,-80.13,,0.00,0.00,-97770.59
02/2025,KACYBOWERSOCK,0.00,0.00,0.00,,,0.00,0.00,0.00
02/2025,KACYCT4,-2046.35,-18697.01,0.00,397.17,,-0.67,-0.75,-20347.61
02/2025,KACYLFG,0.00,0.00,0.00,,,0.00,0.00,0.00
02/2025,KACYNEARMANUN1,0.00,,-3316.65,-14920.75,,-67.01,-123.48,-18427.89
02/2025,KACYQUIND1UNGT2,,,0.00,,,,,0.00
02/2025,KACYQUIND1UNGT3,0.00,-58198.16,0.00,,,0.00,0.00,-58198.16
02/2025,KCPL.HAW10,,,0.00,,,,,0.00
02/2025,KCPL.MEUC.HIG4,-11906.45,-3158.66,0.00,,,0.00,0.00,-15065.11
02/2025,KCPL.PRQUEEN,0.00,,0.00,,,,,0.00
02/2025,KCPL.SLATECREEK,0.00,,0.00,,,,,0.00
02/2025,KCPL.VOLT.0222,,,0.00,,,,,0.00
02/2025,KCPL.VOLT.0223,,,0.00,,,,,0.00
02/2025,KCPL.VOLT.0241,,,0.00,,,,,0.00
02/2025,KCPL.VOLT.0243,,0.00,0.00,,,0.00,0.00,0.00
02/2025,KCPL.VOLT.0247,,,0.00,,,,,0.00
02/2025,KCPL.VOLT.0253,,0.00,0.00,,,0.00,0.00,0.00
02/2025,KCPL.WAVERLYWND,0.00,,0.00,,,,,0.00
02/2025,KCPLBULLCRK5UNWGR1,,-17880.66,0.00,68.33,,-5.37,0.00,-17817.70
02/2025,KCPLBULLCRK5UNWGR2,,-17057.76,0.00,96.13,,-4.71,0.00,-16966.34
02/2025,KCPLBULLCRK5UNWGR3,,-17949.41,0.00,75.91,,-0.69,0.00,-17874.19
02/2025,KCPLBULLCRK5UNWGR4,,-24749.67,0.00,114.05,,-5.19,0.00,-24640.81
02/2025,KCPLHAWTHORN6,,,0.00,,,,,0.00
02/2025,KCPLHAWTHORNUNHAW5,-59810.86,0.00,-2002.92,,,0.00,0.00,-61813.78
02/2025,KCPLIATANUNIAT1,-200798.62,-69693.19,-12800.61,,,0.00,0.00,-283292.42
02/2025,KCPLIATANUNIAT2,-146131.97,-116569.74,0.00,,,0.00,0.00,-262701.71
02/2025,KCPLLACYGNEUNLAC1,-10339.50,0.00,-0.45,-1006.94,,0.00,-150.47,-11497.36
02/2025,KCPLLACYGNEUNLAC2,-216223.07,,-30779.10,-5462.07,,-50.00,-927.32,-253441.56
02/2025,KCPLLEVEEUNHAW7,-1109.95,-24610.14,0.00,-5659.66,,-3.31,-38.64,-31421.70
02/2025,KCPLLEVEEUNHAW8,-762.23,-18432.39,0.00,1176.75,,-3.00,-0.70,-18021.57
02/2025,KCPLNRTHEASTUNNE11,0.00,-66931.81,0.00,,,0.00,0.00,-66931.81
02/2025,KCPLNRTHEASTUNNE12,-5427.70,-103692.39,0.00,,,0.00,0.00,-109120.09
02/2025,KCPLNRTHEASTUNNE13,0.00,-58476.22,0.00,-317.87,,-7.05,-3.66,-58804.80
02/2025,KCPLNRTHEASTUNNE14,0.00,-64240.38,0.00,-471.13,,-7.60,-3.57,-64722.68
02/2025,KCPLNRTHEASTUNNE15,0.00,-49890.47,0.00,-366.73,,-3.36,-1.79,-50262.35
02/2025,KCPLNRTHEASTUNNE16,0.00,-9538.51,0.00,-0.09,,-3.94,-1.77,-9544.31
02/2025,KCPLNRTHEASTUNNE17,0.00,-51041.76,0.00,17.39,,-6.95,-4.23,-51035.55
02/2025,KCPLNRTHEASTUNNE18,0.00,-31997.23,0.00,-105.42,,-6.71,-4.22,-32113.58
02/2025,KCPLPAOLAUNOSA1,0.00,-45371.95,0.00,-15712.02,,-17.55,-30.25,-61131.77
02/2025,KERR_1,0.00,0.00,0.00,,,0.00,0.00,0.00
02/2025,KERR_2,0.00,0.00,0.00,,,0.00,0.00,0.00
02/2025,KERR_3,,,0.00,,,,,0.00
02/2025,KERR_4,0.00,0.00,0.00,,,0.00,0.00,0.00
02/2025,KMEA_EMP1_BALD7,,0.00,0.00,,,0.00,0.00,0.00
02/2025,KMEA_EMP1_BALD8,,-1097.21,0.00,,,0.00,0.00,-1097.21
02/2025,KMEA_EMP1_GARD1,,,0.00,,,,,0.00
02/2025,KMEA_EMP1_GARD2,,,0.00,,,,,0.00
02/2025,KMEA_EMP1_OTTA6,,-16700.89,0.00,,,0.00,0.00,-16700.89
02/2025,KMEA_EMP1_OTTA7,,-25067.15,0.00,,,0.00,0.00,-25067.15
02/2025,KMEA_EMP2_GARC1,,,0.00,,,,,0.00
02/2025,KMEA_EMP2_GARC2,,,0.00,,,,,0.00
02/2025,KMEA_EMP2_GARC3,,,0.00,,,,,0.00
02/2025,KMEA_EMP2_RUSS1,,0.00,0.00,,,0.00,0.00,0.00
02/2025,KMEA_EMP2_RUSS2,,0.00,0.00,,,0.00,0.00,0.00
02/2025,KMEA_EMP3_CHAP12,,-2572.98,0.00,,,0.00,0.00,-2572.98
02/2025,KMEA_EMP3_GIRA6,,-2104.73,0.00,,,0.00,0.00,-2104.73
02/2025,KMEA_EMP3_GIRA7,,-2176.65,0.00,,,0.00,0.00,-2176.65
02/2025,KMEA_EMP3_HOLT12,,-2250.57,0.00,,,0.00,0.00,-2250.57
02/2025,KMEA_EMP3_HOLT13,,-2249.89,0.00,,,0.00,0.00,-2249.89
02/2025,KMEA_EMP3_HOLT8,,-3581.90,0.00,,,0.00,0.00,-3581.90
02/2025,KMEA_EMP3_JETM8,,-2134.01,0.00,,,0.00,0.00,-2134.01
02/2025,KMEA_EMP3_STER3,,-1440.22,0.00,,,0.00,0.00,-1440.22
02/2025,LES_JSTREET,,,0.00,,,,,0.00
02/2025,LES_LFG_1,0.00,,0.00,,,,,0.00
02/2025,LES_ROKEBY_1,-37316.31,-32210.78,0.00,-287.70,,0.00,0.00,-69814.79
02/2025,LES_ROKEBY_2,,-117056.58,0.00,,,0.00,0.00,-117056.58
02/2025,LES_ROKEBY_3,,-147036.71,0.00,,,0.00,0.00,-147036.71
02/2025,LES_TBGS_CC1,-295268.45,-32417.39,0.00,17.38,,0.00,0.00,-327668.46
02/2025,LES_TBGS_CT4,,-43882.62,0.00,-826.80,,0.00,0.00,-44709.42
02/2025,LES_WSEC_3,0.00,0.00,-18.19,,,0.00,0.00,-18.19
02/2025,LES_WSEC_4,0.00,0.00,-121.47,,,0.00,0.00,-121.47
02/2025,MIDW.INV.BKEYE,0.00,,0.00,,,,,0.00
02/2025,MIDW.KACY.ALEX,0.00,,0.00,,,,,0.00
02/2025,MIDW.KMEA.BKEYE,0.00,,0.00,,,,,0.00
02/2025,MIDW.LES.BKEYE,,,0.00,-2393.46,,,-1084.23,-3477.69
02/2025,MIDW.NJAL.ALEX,,,0.00,,,,,0.00
02/2025,MINCOIII,,,0.00,,,,,0.00
02/2025,MKECCIM_UN1,-161385.63,,0.00,-4.38,,-2.90,0.00,-161392.91
02/2025,MKECCIM_UN2,,,0.00,,,,,0.00
02/2025,MKECCLIFTON_UN1,-23736.34,-2570.32,0.00,,,0.00,0.00,-26306.66
02/2025,MKECJUDLR_UN4,,,0.00,,,,,0.00
02/2025,MKECMULGRN_UN3,,,0.00,,,,,0.00
02/2025,MKECSHOOTSTAR,0.00,,0.00,,,,,0.00
02/2025,MKEC_KPP_GBURG,0.00,,0.00,,,,,0.00
02/2025,MKEC_KP_KINGIC4,,-1653.13,0.00,,,0.00,0.00,-1653.13
02/2025,MKEC_KP_KINGIC6,-1631.60,-81.87,0.00,,,0.00,0.00,-1713.47
02/2025,MKEC_KP_KINGIC7,,-1751.72,0.00,,,0.00,0.00,-1751.72
02/2025,MKEC_KP_KINGIC8,-1282.87,-86.20,0.00,,,0.00,0.00,-1369.07
02/2025,MKEC_KP_KINGIC9,-3977.32,0.00,0.00,,,0.00,0.00,-3977.32
02/2025,MO.AE.CHIL2.MP,-8167.43,-3375.17,0.00,,,0.00,0.00,-11542.60
02/2025,MO.AM.FRED1.MP,-1988.61,-14947.40,0.00,,,0.00,0.00,-16936.01
02/2025,MO.AM.FRED2.MP,-1916.30,-4122.22,0.00,,,0.00,0.00,-6038.52
02/2025,MO.AM.LADD.MP,-155.21,-1446.44,0.00,,,0.00,0.00,-1601.65
02/2025,MO.KC.MARS6.MP,,,0.00,,,,,0.00
02/2025,MPS.AMUE.OUTLAW,0.00,,0.00,,,,,0.00
02/2025,MPS.OSBORN,0.00,,0.00,,,,,0.00
02/2025,MPS.PRATT,0.00,,0.00,,,,,0.00
02/2025,MPS.ROCKCREEK,0.00,,0.00,,,,,0.00
02/2025,MPSGRNWD1UN1,-57237.27,-88537.46,0.00,336.34,,-8.35,0.00,-145446.74
02/2025,MPSGRNWD1UN2,-3983.72,-136903.06,0.00,663.25,,0.00,0.00,-140223.53
02/2025,MPSGRNWD1UN3,-38739.31,-132267.13,0.00,1266.37,,-6.13,0.00,-169746.20
02/2025,MPSGRNWD1UN4,-38963.90,-61766.79,0.00,1490.32,,-5.74,0.00,-99246.11
02/2025,MPSLAKE_RDUN1,-11858.14,-23423.05,0.00,,,0.00,0.00,-35281.19
02/2025,MPSLAKE_RDUN2,-20041.87,-40288.91,0.00,,,0.00,0.00,-60330.78
02/2025,MPSLAKE_RDUN3,-4763.04,-2106.03,0.00,,,0.00,0.00,-6869.07
02/2025,MPSLAKE_RDUN4,-171574.05,-208644.86,0.00,2.56,,-8.62,0.00,-380224.97
02/2025,MPSLAKE_RDUN5,-37784.09,-73991.01,0.00,1449.59,,-8.48,-1.77,-110335.76
02/2025,MPSLAKE_RDUN6,-12098.61,-32110.68,0.00,,,0.00,0.00,-44209.29
02/2025,MPSLAKE_RDUN7,-10655.18,-38690.48,0.00,,,0.00,0.00,-49345.66
02/2025,MPSNEVADAUN1,-6517.52,-4732.71,0.00,0.00,,-2.77,0.00,-11253.00
02/2025,MPSRGREENUN3,-24813.48,-48483.64,0.00,841.91,,-0.31,0.00,-72455.52
02/2025,MPSSHARPER_UN1,-625.96,-9051.86,0.00,,,0.00,0.00,-9677.82
02/2025,MPSSHARPER_UN2,-735.80,-10112.02,0.00,,,0.00,0.00,-10847.82
02/2025,MPSSHARPER_UN3,-845.19,0.00,0.00,,,0.00,0.00,-845.19
02/2025,MPSTWA1UN1,,,0.00,,,,,0.00
02/2025,MPSTWA1UN2,,,0.00,,,,,0.00
02/2025,MSTNG,-51651.67,-3325.48,-3023.01,-7654.30,,-502.05,-425.97,-66582.48
02/2025,MSTNG4,-62795.83,-474675.22,-105.54,942.49,,-407.25,-63.99,-537105.34
02/2025,MSTNG5,-74019.39,-259256.77,0.00,1574.63,,-128.77,-0.25,-331830.55
02/2025,MSTNG6,-87458.63,-218907.93,0.00,5232.07,,-262.10,-0.37,-301396.96
02/2025,NEBRASKA_CITY_1,0.00,,-6498.26,-917.23,,0.00,0.00,-7415.49
02/2025,NEBRASKA_CITY_2,0.00,0.00,-3124.06,,,0.00,0.00,-3124.06
02/2025,NEE_MAJESTIC2,0.00,,-2270.47,,,,,-2270.47
02/2025,NORTH_OMAHA_3,-68767.92,-179965.53,0.00,,,0.00,0.00,-248733.45
02/2025,NORTH_OMAHA_4,0.00,0.00,-3.98,-12.13,,0.00,0.00,-16.11
02/2025,NORTH_OMAHA_5,,,0.00,,,,,0.00
02/2025,NPPD.AINSICGEN,,,0.00,,,,,0.00
02/2025,NPPD.BRPS.CTNWD,,,0.00,,,,,0.00
02/2025,NPPD.ETNA.ASSET2,,,0.00,,,,,0.00
02/2025,NPPD.FREM.CTNWD1,0.00,,0.00,,,,,0.00
02/2025,NPPD.HYST.HYST,,,0.00,,,,,0.00
02/2025,NPPD.LBLU.LBLU,0.00,,0.00,,,,,0.00
02/2025,NPPD.LCE.PLMCK,,,0.00,,,,,0.00
02/2025,NPPD.LES.PRBRZ,,,0.00,-6036.57,,,-1002.26,-7038.83
02/2025,NPPD.MEAN.ANSLEYGEN,,-5698.53,0.00,,,0.00,0.00,-5698.53
02/2025,NPPD.MEAN.BENKELMANGEN,-272.30,-992.95,0.00,,,0.00,0.00,-1265.25
02/2025,NPPD.MEAN.BROKENBOWGEN,-4486.83,,0.00,,,,,-4486.83
02/2025,NPPD.MEAN.BURWELLGEN,-2344.15,-7542.52,0.00,,,0.00,0.00,-9886.67
02/2025,NPPD.MEAN.CALLAWAYGEN,,-1176.23,0.00,,,0.00,0.00,-1176.23
02/2025,NPPD.MEAN.CRETEGEN,-2652.06,,0.00,,,,,-2652.06
02/2025,NPPD.MEAN.CTWD3SSCY,0.00,,0.00,,,,,0.00
02/2025,NPPD.MEAN.CURTISGEN,,-8105.93,0.00,,,0.00,0.00,-8105.93
02/2025,NPPD.MEAN.JFY1,0.00,0.00,0.00,,,0.00,0.00,0.00
02/2025,NPPD.MEAN.JFY2,0.00,0.00,0.00,,,0.00,0.00,0.00
02/2025,NPPD.MEAN.JHN2,0.00,0.00,0.00,,,0.00,0.00,0.00
02/2025,NPPD.MEAN.JN11,0.00,0.00,0.00,,,0.00,0.00,0.00
02/2025,NPPD.MEAN.JN12,0.00,,0.00,,,,,0.00
02/2025,NPPD.MEAN.OXFORDGEN,,-26.14,0.00,,,0.00,0.00,-26.14
02/2025,NPPD.MEAN.PENDERGEN,,-19327.12,0.00,,,0.00,0.00,-19327.12
02/2025,NPPD.MEAN.REDCLOUDGEN,,-10743.70,0.00,,,0.00,0.00,-10743.70
02/2025,NPPD.MEAN.STUARTGEN,,-3365.94,0.00,,,0.00,0.00,-3365.94
02/2025,NPPD.MEAN.WESTPOINTGEN,-2715.27,-9406.38,0.00,,,0.00,0.00,-12121.65
02/2025,NPPD.MEAN.WISNERGEN,-1319.37,-10136.92,0.00,,,0.00,0.00,-11456.29
02/2025,NPPD.NELI.DDR,,,0.00,,,,,0.00
02/2025,NPPD.NPPM.1058,,,0.00,,,,,0.00
02/2025,NPPD.NPPM.MINDENCRYPTO,,,0.00,,,,,0.00
02/2025,NPPD.OPPD.CTNWDBTRC,0.00,,0.00,,,,,0.00
02/2025,NPPD.OPPD.MLGN,0.00,,0.00,,,,,0.00
02/2025,NPPD.OPPD.SHOL,0.00,,0.00,,,,,0.00
02/2025,NPPD.TECH.1,,,0.00,,,,,0.00
02/2025,NPPD.THWE.THW1,0.00,,0.00,,,,,0.00
02/2025,NPPD.UPSR.UPSR,0.00,,0.00,,,,,0.00
02/2025,NPPD.VOLT.0236,,,0.00,,,,,0.00
02/2025,NPPD_ADMCOGEN,,0.00,0.00,,,0.00,0.00,0.00
02/2025,NPPD_AINSWIND,,,0.00,,,,,0.00
02/2025,NPPD_BBW1,,,0.00,,,,,0.00
02/2025,NPPD_BBW2,,,0.00,,,,,0.00
02/2025,NPPD_BPS,-51341.63,-192446.01,0.00,229.60,,-0.52,0.00,-243558.56
02/2025,NPPD_CANADAY,-66580.07,-21985.28,0.00,-1921.64,,0.00,-3.69,-90490.68
02/2025,NPPD_COLUMBS_1,,0.00,0.00,,,0.00,0.00,0.00
02/2025,NPPD_COLUMBS_2,,0.00,0.00,9.86,,0.00,0.00,9.86
02/2025,NPPD_COLUMBS_3,,0.00,0.00,-1.50,,0.00,0.00,-1.50
02/2025,NPPD_COMB_WEC2,-15263.49,,-138.40,-1296.57,,-12.92,-70.79,-16782.17
02/2025,NPPD_COOPR,0.00,,-106.08,,,,,-106.08
02/2025,NPPD_CRFTNWIND,,,0.00,,,,,0.00
02/2025,NPPD_ELKHNWIND,,,0.00,,,,,0.00
02/2025,NPPD_GGS1,0.00,-483.17,-15221.12,,,0.00,0.00,-15704.29
02/2025,NPPD_GGS2,0.00,,-19434.40,,,,,-19434.40
02/2025,NPPD_GRIS_GT1,,-29738.52,0.00,,,0.00,0.00,-29738.52
02/2025,NPPD_GRIS_GT2,,-170909.43,0.00,0.00,,-0.16,0.00,-170909.59
02/2025,NPPD_GRIS_GT3,,-201521.86,0.00,-193.99,,-0.16,0.00,-201716.01
02/2025,NPPD_GRIS_PB3,0.00,,0.00,,,,,0.00
02/2025,NPPD_GRIS_PGS1,0.00,,-0.17,,,,,-0.17
02/2025,NPPD_HALLAM,,,0.00,,,,,0.00
02/2025,NPPD_HAST_DHPC,-14763.77,,0.00,,,,,-14763.77
02/2025,NPPD_HAST_NDS4,-316196.97,,0.00,,,,,-316196.97
02/2025,NPPD_HAST_NDS5,,,0.00,,,,,0.00
02/2025,NPPD_HAST_WEC1,0.00,,-161.39,-168.27,,-11.65,-29.90,-371.21
02/2025,NPPD_HEBRON,,-132031.75,0.00,-2672.85,,0.00,0.00,-134704.60
02/2025,NPPD_KINGSLEY,-55.24,0.00,0.00,3481.86,,-53.99,-44.85,3327.78
02/2025,NPPD_LAREDO,,,0.00,,,,,0.00
02/2025,NPPD_MCCOOK,,-1762.58,0.00,,,0.00,0.00,-1762.58
02/2025,NPPD_NPLATTE_1,0.00,,0.00,,,,,0.00
02/2025,NPPD_NPLATTE_2,,,0.00,,,,,0.00
02/2025,NPPD_SHLD_1,-6982.32,,0.00,-1159.73,,-15.49,-17.84,-8175.38
02/2025,NPPD_SHLD_2,-48160.03,,0.00,-2441.81,,-93.60,-15.14,-50710.58
02/2025,NPPD_STLFTW,,,0.00,,,,,0.00
02/2025,OKGE.25MC.25MC,,,0.00,,,,,0.00
02/2025,OKGE.AECC.CHISHOLM2,0.00,,0.00,,,,,0.00
02/2025,OKGE.AFGE.AFGE100,,,0.00,,,,,0.00
02/2025,OKGE.AFGE.AFNEM1,,,0.00,,,,,0.00
02/2025,OKGE.BALKO.WIND.1,0.00,,0.00,,,,,0.00
02/2025,OKGE.BKNR.BKNR,,,0.00,,,,,0.00
02/2025,OKGE.CCCO.COGEN,-10003.22,0.00,0.00,,,0.00,0.00,-10003.22
02/2025,OKGE.CSWS.RFWIND,,,-516.69,,,,,-516.69
02/2025,OKGE.CU.DUK.FRNTR,0.00,,0.00,,,,,0.00
02/2025,OKGE.ETEC.GCW,0.00,,0.00,,,,,0.00
02/2025,OKGE.FRONTIER,-33507.94,-23629.69,0.00,,,0.00,0.00,-57137.63
02/2025,OKGE.FRT2.FRT2,,,0.00,,,,,0.00
02/2025,OKGE.GBST.BLUESTEM,0.00,,0.00,,,,,0.00
02/2025,OKGE.GDSM.MINCO4,0.00,,0.00,,,,,0.00
02/2025,OKGE.GGWT.GREATWESTERN,0.00,,0.00,,,,,0.00
02/2025,OKGE.GLAS.GLAS,0.00,,0.00,,,,,0.00
02/2025,OKGE.GRANTPLNS.WIND.1,0.00,,-412.27,,,,,-412.27
02/2025,OKGE.GRDA.REDDIRT,0.00,,-16023.77,,,,,-16023.77
02/2025,OKGE.HHW.HORIZON,0.00,,0.00,,,,,0.00
02/2025,OKGE.KINGFISHER.WIND.1,0.00,,0.00,,,,,0.00
02/2025,OKGE.LES.ARBKL,,,-104.96,,,,,-104.96
02/2025,OKGE.MNCI.MNCI,0.00,,0.00,,,,,0.00
02/2025,OKGE.MNII.MNII,,,0.00,,,,,0.00
02/2025,OKGE.NTEC.GCW,0.00,,0.00,,,,,0.00
02/2025,OKGE.NUEN.ADA1,0.00,,0.00,,,,,0.00
02/2025,OKGE.NUEN.LAM1,,,0.00,,,,,0.00
02/2025,OKGE.NUEN.MDT2,,,0.00,,,,,0.00
02/2025,OKGE.NUEN.MDT3,,,0.00,,,,,0.00
02/2025,OKGE.NUEN.WWO1,,,0.00,,,,,0.00
02/2025,OKGE.OKGE.MT10,0.00,-122194.09,0.00,,,0.00,0.00,-122194.09
02/2025,OKGE.OKGE.MT11,-453.94,-25184.72,0.00,,,0.00,0.00,-25638.66
02/2025,OKGE.OKGE.MT12,,,0.00,,,,,0.00
02/2025,OKGE.OKGE.MT6,-848.89,-95399.62,0.00,,,0.00,0.00,-96248.51
02/2025,OKGE.OKGE.MT7,-63.79,-82889.11,0.00,,,0.00,0.00,-82952.90
02/2025,OKGE.OKGE.MT8,,,0.00,,,,,0.00
02/2025,OKGE.OKGE.MT9,-769.90,-30323.48,0.00,,,0.00,0.00,-31093.38
02/2025,OKGE.OMPA.GRANTWIND,,,0.00,,,,,0.00
02/2025,OKGE.OMPA.INDNHYDRO,0.00,0.00,0.00,,,0.00,0.00,0.00
02/2025,OKGE.PNDA.PNDA,0.00,,0.00,,,,,0.00
02/2025,OKGE.RCKW.RCKWIND,,,-87.41,,,,,-87.41
02/2025,OKGE.RDRT.REDDIRT,,,-2.58,,,,,-2.58
02/2025,OKGE.RIVERVALLEY,-133073.95,,-3.06,,,,,-133077.01
02/2025,OKGE.SC.WR.1,-247.34,-38899.98,0.00,382.17,,-74.40,-0.06,-38839.61
02/2025,OKGE.SC.WR.2,-22.40,-32386.00,0.00,265.08,,-73.85,-0.06,-32217.23
02/2025,OKGE.SC.WR.3,,-37603.94,0.00,265.59,,-51.40,0.00,-37389.75
02/2025,OKGE.SC.WR.4,,-33901.50,0.00,270.22,,-53.50,0.00,-33684.78
02/2025,OKGE.SDWE.SDWE,,,0.00,,,,,0.00
02/2025,OKGE.SUEZ.KPLN,0.00,,-412.70,,,,,-412.70
02/2025,OKGE.SWCV.CV,0.00,,0.00,,,,,0.00
02/2025,OKGE.TNDR.THUNDERRANCH1,,,0.00,,,,,0.00
02/2025,OKGE.TNDR.THUNDERRANCH2,,,0.00,,,,,0.00
02/2025,OKGE.TNSK.DSW,0.00,,-743.89,,,,,-743.89
02/2025,OKGE.TRWE.TRWE,,,0.00,,,,,0.00
02/2025,OKGE.TRWE.TRWE2,,,0.00,,,,,0.00
02/2025,OKGE.TRWE.TRWE3,,,0.00,,,,,0.00
02/2025,OKGE.VOLT.0033,,,0.00,,,,,0.00
02/2025,OKGE.VOLT.0034,,0.00,0.00,,,0.00,0.00,0.00
02/2025,OKGE.VOLT.0035,,0.00,0.00,,,0.00,0.00,0.00
02/2025,OKGE.VOLT.0036,,,0.00,,,,,0.00
02/2025,OKGE.VOLT.0040,,,0.00,,,,,0.00
02/2025,OKGE.VOLT.0041,,,0.00,,,,,0.00
02/2025,OKGE.VOLT.0115,,,0.00,,,,,0.00
02/2025,OKGE.VOLT.0116,,,0.00,,,,,0.00
02/2025,OKGE.VOLT.0118,,,0.00,,,,,0.00
02/2025,OKGE.VOLT.0125,,,0.00,,,,,0.00
02/2025,OKGE.VOLT.0126,,,0.00,,,,,0.00
02/2025,OKGE.VOLT.0129,,,0.00,,,,,0.00
02/2025,OKGE.VOLT.0134,,,0.00,,,,,0.00
02/2025,OKGE.VOLT.0138,,,0.00,,,,,0.00
02/2025,OKGE.VOLT.0143,,,0.00,,,,,0.00
02/2025,OKGE.VOLT.0149,,,0.00,,,,,0.00
02/2025,OKGE.VOLT.0150,,,0.00,,,,,0.00
02/2025,OKGE.VOLT.0155,,,0.00,,,,,0.00
02/2025,OKGE.VOLT.0156,,,0.00,,,,,0.00
02/2025,OKGE.VOLT.0166,,,0.00,,,,,0.00
02/2025,OKGE.VOLT.0169,,,0.00,,,,,0.00
02/2025,OKGE.VOLT.0170,,,0.00,,,,,0.00
02/2025,OKGE.VOLT.0176,,0.00,0.00,,,0.00,0.00,0.00
02/2025,OKGE.VOLT.0177,,,0.00,,,,,0.00
02/2025,OKGE.VOLT.0195,,,0.00,,,,,0.00
02/2025,OKGE.VOLT.0197,,,0.00,,,,,0.00
02/2025,OKGE.VOLT.0198,,,0.00,,,,,0.00
02/2025,OKGE.VOLT.0208,,,0.00,,,,,0.00
02/2025,OKGE.VOLT.0209,,,0.00,,,,,0.00
02/2025,OKGE.VOLT.0216,,,0.00,,,,,0.00
02/2025,OKGE.VOLT.0219,,,0.00,,,,,0.00
02/2025,OKGE.VOLT.0220,,0.00,0.00,,,0.00,0.00,0.00
02/2025,OKGE.VOLT.0224,,,0.00,,,,,0.00
02/2025,OKGE.VOLT.0225,,,0.00,,,,,0.00
02/2025,OKGE.VOLT.0226,,,0.00,,,,,0.00
02/2025,OKGE.VOLT.0227,,,0.00,,,,,0.00
02/2025,OKGE.VOLT.0229,,,0.00,,,,,0.00
02/2025,OKGE.VOLT.0231,,,0.00,,,,,0.00
02/2025,OKGE.VOLT.0238,,,0.00,,,,,0.00
02/2025,OKGE.VOLT.0242,,,0.00,,,,,0.00
02/2025,OKGE.WFEC.MINCO4WIND,,,0.00,,,,,0.00
02/2025,OKGE.WFEC.SKLCRKWIND,,,-0.36,,,,,-0.36
02/2025,OKGE.WR.PCWF,0.00,,0.00,,,,,0.00
02/2025,OKGE.WSNR.WSNR,0.00,,0.00,,,,,0.00
02/2025,OKGECENTWIND,0.00,,0.00,,,,,0.00
02/2025,OKGECWBYWIND,0.00,,-6279.54,,,,,-6279.54
02/2025,OKGEHL8,,,0.00,,,,,0.00
02/2025,OKGEHL910,-2830.70,-269767.20,0.00,,,0.00,0.00,-272597.90
02/2025,OKGEKEENANWIND,0.00,,0.00,,,,,0.00
02/2025,OKGEMCC,,0.00,0.00,,,0.00,0.00,0.00
02/2025,OKGEMK4,,,0.00,,,,,0.00
02/2025,OKGEMK5,,,0.00,,,,,0.00
02/2025,OKGEMK6,-141231.00,-6145.20,-63.92,,,0.00,0.00,-147440.12
02/2025,OKGEREDBUD1,-85010.20,-73007.46,-7.54,-272.17,,-6.48,0.00,-158303.85
02/2025,OKGEREDBUD2,-83595.81,-72039.01,-6.67,-300.91,,-6.50,0.00,-155948.90
02/2025,OKGEREDBUD3,-66107.12,-44589.61,-6.33,-297.28,,-5.49,0.00,-111005.83
02/2025,OKGEREDBUD4,-136678.47,-85596.31,0.00,,,0.00,0.00,-222274.78
02/2025,OKGESM1,-231098.58,-3300.11,-76104.94,-0.06,,-0.66,0.00,-310504.35
02/2025,OKGESM2,,,0.00,,,,,0.00
02/2025,OKGESM3,-259386.20,,-28234.04,-5.60,,-4.34,,-287630.18
02/2025,OKGESO1,-230239.09,-80873.92,0.00,,,0.00,0.00,-311113.01
02/2025,OKGESO2,-192672.25,-1122.38,0.00,,,0.00,0.00,-193794.63
02/2025,OKGESPIRITWIND,0.00,,0.00,,,,,0.00
02/2025,OKGETALOGAWIND,0.00,,0.00,,,,,0.00
02/2025,OKGETINK5A,,,0.00,,,,,0.00
02/2025,OKGETINK5B,,-24412.82,0.00,,,0.00,0.00,-24412.82
02/2025,OKGEXROADSWIND,0.00,,0.00,,,,,0.00
02/2025,OKGE_CHISHOLM,,,0.00,,,,,0.00
02/2025,OKGE_MINCO2,0.00,,0.00,,,,,0.00
02/2025,OKGE_ORIGINWIND,0.00,,-20.71,,,,,-20.71
02/2025,OKGE_SEILING,0.00,,0.00,,,,,0.00
02/2025,OMPA_AEL,0.00,0.00,0.00,,,0.00,0.00,0.00
02/2025,OMPA_KAW,,0.00,0.00,,,0.00,0.00,0.00
02/2025,OMPA_KNGFISHER,,-5715.37,0.00,,,0.00,0.00,-5715.37
02/2025,OMPA_LAMB_1,-3471.22,-60948.78,0.00,0.00,,0.00,0.00,-64420.00
02/2025,OMPA_LAVERNE,,-5692.11,0.00,,,0.00,0.00,-5692.11
02/2025,OMPA_MANGUM,,,0.00,,,,,0.00
02/2025,OMPA_PAWHUSKA,,-8566.11,0.00,,,0.00,0.00,-8566.11
02/2025,OMPA_PONCACITY_1_3,,,0.00,,,,,0.00
02/2025,OMPA_PONCACITY_4,,-14646.90,0.00,,,0.00,0.00,-14646.90
02/2025,OMPA_WIND_FARM,,,0.00,,,,,0.00
02/2025,ONETA,-33401.30,-4382.90,0.00,1717.70,,-526.04,-1193.47,-37786.01
02/2025,ONETA_2,-33308.20,-6621.12,-5.33,1937.02,,-513.48,-1231.14,-39742.25
02/2025,ONETA_3,-25113.24,-34244.90,0.00,1730.00,,-408.07,-932.02,-58968.23
02/2025,ONETA_4,-27839.42,-31028.87,0.00,707.97,,-651.57,-1674.34,-60486.23
02/2025,OPPD.BEAR1,,,0.00,,,,,0.00
02/2025,OPPD.BEAR2,,,0.00,,,,,0.00
02/2025,OPPD.BEAR3,,,0.00,,,,,0.00
02/2025,OPPD.BEAR4,,,0.00,,,,,0.00
02/2025,OPPD.BEAR5,,,0.00,,,,,0.00
02/2025,OPPD.BEAR6,,,0.00,,,,,0.00
02/2025,OPPD.BEAR7,,,0.00,,,,,0.00
02/2025,OPPD.BEAR8,,,0.00,,,,,0.00
02/2025,OPPD.BEAR9,,,0.00,,,,,0.00
02/2025,OPPD.NO1,,,0.00,,,,,0.00
02/2025,OPPD.NO2,,,0.00,,,,,0.00
02/2025,OPPD.PLVIEW,0.00,,0.00,,,,,0.00
02/2025,OPPD.TRTL1,,,0.00,,,,,0.00
02/2025,OPPD.TRTL2,,,0.00,,,,,0.00
02/2025,OPPD_INV_PRZ1,0.00,,-124.41,,,,,-124.41
02/2025,PENSACOLA_1,0.00,-1140.81,0.00,-2955.60,,0.00,-0.29,-4096.70
02/2025,PENSACOLA_2,0.00,-737.03,0.00,-2626.80,,0.00,-0.30,-3364.13
02/2025,PENSACOLA_3,0.00,-599.98,0.00,-2727.33,,0.00,-0.33,-3327.64
02/2025,PENSACOLA_4,0.00,-1014.27,0.00,-2180.90,,0.00,-0.25,-3195.42
02/2025,PENSACOLA_5,0.00,-1014.76,0.00,-1725.80,,0.00,-0.26,-2740.82
02/2025,PENSACOLA_6,0.00,-952.75,0.00,-1777.44,,0.00,-0.34,-2730.53
02/2025,SALINA_1,,,0.00,,,,,0.00
02/2025,SALINA_2,,,0.00,,,,,0.00
02/2025,SALINA_3,,,0.00,,,,,0.00
02/2025,SALINA_4,,,0.00,,,,,0.00
02/2025,SALINA_5,,,0.00,,,,,0.00
02/2025,SALINA_6,,,0.00,,,,,0.00
02/2025,SARPY_1,-23940.73,-137894.87,0.00,-1553.55,,0.00,0.00,-163389.15
02/2025,SARPY_2,-28482.99,-123930.63,0.00,-2936.07,,0.00,0.00,-155349.69
02/2025,SARPY_3,,-137903.40,0.00,0.00,,0.00,0.00,-137903.40
02/2025,SARPY_4,-26930.76,-261203.23,0.00,168.79,,0.00,0.00,-287965.20
02/2025,SARPY_5,0.00,-265315.86,0.00,-496.85,,0.00,0.00,-265812.71
02/2025,SECI.BLOO.CPBLOOM,0.00,,0.00,,,,,0.00
02/2025,SECI.CBN3.CB3WIND,,,0.00,,,,,0.00
02/2025,SECI.GCMB.CIMARRONBEND1,0.00,,0.00,,,,,0.00
02/2025,SECI.JCSOLAR,0.00,,0.00,,,,,0.00
02/2025,SECI.KACY.CIM,0.00,,0.00,,,,,0.00
02/2025,SECI.KCPS.CIMARRON,0.00,,0.00,,,,,0.00
02/2025,SECI.KCPS.SPEARVILLE,0.00,,0.00,,,,,0.00
02/2025,SECI.KCPS.SPEARVILLE3,0.00,,0.00,,,,,0.00
02/2025,SECI.PRAT.PRAT5,,0.00,0.00,,,0.00,0.00,0.00
02/2025,SECI.PXSE.PXS1,,,0.00,,,,,0.00
02/2025,SECI.RCSOL,,,0.00,,,,,0.00
02/2025,SECI.RUBART.RT01,-2485.95,-4287.46,0.00,33.96,,-0.25,-0.05,-6739.75
02/2025,SECI.RUBART.RT02,-2070.02,-2606.91,0.00,128.99,,-0.27,-0.50,-4548.71
02/2025,SECI.RUBART.RT03,-2117.80,-2984.68,0.00,194.58,,-0.24,0.00,-4908.14
02/2025,SECI.RUBART.RT04,-1950.10,-3890.50,0.00,165.08,,-0.24,-0.01,-5675.77
02/2025,SECI.RUBART.RT05,-1994.50,-2719.27,0.00,103.22,,-0.30,0.00,-4610.85
02/2025,SECI.RUBART.RT06,-2037.83,-3715.27,0.00,-24.13,,-0.24,0.00,-5777.47
02/2025,SECI.SEPC.SECIRT07,-531.21,-5297.96,0.00,281.99,,0.00,-0.54,-5547.72
02/2025,SECI.SEPC.SECIRT08,-2114.10,-4419.85,0.00,212.77,,-0.27,-0.17,-6321.62
02/2025,SECI.SEPC.SECIRT09,-1956.33,-5116.21,0.00,362.75,,-0.24,-0.44,-6710.47
02/2025,SECI.SEPC.SECIRT10,-1996.21,-4790.07,0.00,279.74,,-0.24,-0.37,-6507.15
02/2025,SECI.SEPC.SECIRT11,-2040.00,-4898.65,0.00,192.05,,-0.30,-0.32,-6747.22
02/2025,SECI.SEPC.SECIRT12,-2097.88,-5290.58,0.00,130.20,,-0.24,0.00,-7258.50
02/2025,SECI.SUEZ.EFRK,-121.30,,0.00,,,,,-121.30
02/2025,SECI.SUEZ.ISTR,0.00,,0.00,,,,,0.00
02/2025,SECI.SUEZ.SLFR,0.00,,0.00,,,,,0.00
02/2025,SECI.UCU.ENSIGNWIND,0.00,,0.00,,,,,0.00
02/2025,SECI.UCU.GRAYWIND,0.00,,0.00,,,,,0.00
02/2025,SECIGRDNCT1UN2,-153279.43,-317785.82,0.00,-113.67,,-10.30,0.00,-471189.22
02/2025,SECIGRDNCT1UN3,,,0.00,,,,,0.00
02/2025,SECIGRDNCT1UN4,-18642.22,-91503.30,0.00,-89.91,,0.00,0.00,-110235.43
02/2025,SECIGRDNCT1UN5,-26140.92,-95365.30,0.00,-339.76,,-0.68,0.00,-121846.66
02/2025,SECIHOLCOM1UN1,0.00,,-94.79,-14600.22,,-64.78,-331.38,-15091.17
02/2025,SECI_CIMARRON,0.00,,0.00,,,,,0.00
02/2025,SECI_SMOKY,0.00,,0.00,,,,,0.00
02/2025,SECI_SMOKY2,0.00,,0.00,,,,,0.00
02/2025,SEILINGII,,,0.00,,,,,0.00
02/2025,SPRM_JRCT1,-18866.15,-142050.96,0.00,2.27,,-0.03,0.00,-160914.87
02/2025,SPRM_JRCT2,-23143.99,-146362.79,0.00,0.00,,-0.03,0.00,-169506.81
02/2025,SPRM_MCCT1,,-61853.68,0.00,-11.61,,0.00,0.00,-61865.29
02/2025,SPRM_MCCT2,-7668.89,-70236.90,0.00,-90.67,,0.00,0.00,-77996.46
02/2025,SPRM_SWCT1,,,0.00,,,,,0.00
02/2025,SPRM_SWCT2,,-20003.83,0.00,,,0.00,0.00,-20003.83
02/2025,SPRM_SWPS1,0.00,,0.00,-4913.75,,-8.22,-275.60,-5197.57
02/2025,SPRM_SWPS2,0.00,,-16.31,-7235.39,,-29.35,-526.59,-7807.64
02/2025,SPS.BCW1.BCW1,,,0.00,,,,,0.00
02/2025,SPS.BETH.BETH,0.00,,0.00,,,,,0.00
02/2025,SPS.BLACKHAWK1,0.00,0.00,0.00,,,0.00,0.00,0.00
02/2025,SPS.BLACKHAWK2,0.00,,0.00,,,,,0.00
02/2025,SPS.BONITA.LORENZO.WND,0.00,,-10739.10,-3135.43,,,0.00,-13874.53
02/2025,SPS.BONITA.WILDCAT.WND,0.00,,-7395.36,-6814.96,,,0.00,-14210.32
02/2025,SPS.CHAVES.SLR,0.00,,-3187.47,-6292.30,,,-757.37,-10237.14
02/2025,SPS.CIRRUSWIND,,,0.00,,,,,0.00
02/2025,SPS.CUNNGHAM2,-5077.69,0.00,-6340.87,-8823.91,,-18.34,-472.15,-20732.96
02/2025,SPS.CUNNGHAM3,-24443.70,-24609.31,0.00,,,0.00,0.00,-49053.01
02/2025,SPS.CUNNGHAM4,-28722.47,-5811.14,0.00,,,0.00,0.00,-34533.61
02/2025,SPS.ENGCARBON1,0.00,,0.00,,,,,0.00
02/2025,SPS.GBTL.BETHEL,0.00,,-1756.90,,,,,-1756.90
02/2025,SPS.GGPO.STOCKYARD10_11,,,0.00,,,,,0.00
02/2025,SPS.GGPO.STOCKYARD4,,,0.00,,,,,0.00
02/2025,SPS.GGPO.STOCKYARD5_6,,,0.00,,,,,0.00
02/2025,SPS.GGPO.STOCKYARD7_8,,,0.00,,,,,0.00
02/2025,SPS.GGPO.STOCKYARD9,,,0.00,,,,,0.00
02/2025,SPS.GPW1.GREATPLNS,,,-0.40,,,,,-0.40
02/2025,SPS.GPWA.GPWA,0.00,,-3541.30,,,,,-3541.30
02/2025,SPS.GPWB.GPWB,0.00,,-2153.39,,,,,-2153.39
02/2025,SPS.GPWC.GPWC,0.00,,-1512.42,,,,,-1512.42
02/2025,SPS.GRID.WRAB,,0.00,0.00,,,0.00,0.00,0.00
02/2025,SPS.GRVW.GRVW,0.00,,-39.35,,,,,-39.35
02/2025,SPS.GSEC.ANT2,0.00,-24572.94,0.00,277.05,,-0.79,0.00,-24296.68
02/2025,SPS.GSEC.ANT3,-16.54,-6236.53,0.00,,,0.00,0.00,-6253.07
02/2025,SPS.GSEC.ELK1,,-36447.16,0.00,0.00,,0.00,0.00,-36447.16
02/2025,SPS.GSEC.ELK2,-24907.46,-169389.27,0.00,,,0.00,0.00,-194296.73
02/2025,SPS.GSEC.ELK3,,,0.00,,,,,0.00
02/2025,SPS.HALE.WND,0.00,,-14757.25,-4490.19,,,0.00,-19247.44
02/2025,SPS.HARRNGTN1,-18590.13,-24946.13,-787.55,-1252.64,,0.00,-0.56,-45577.01
02/2025,SPS.HARRNGTN2,-143.22,-87765.86,-1257.66,-2330.87,,-15.80,-47.66,-91561.07
02/2025,SPS.HARRNGTN3,,,0.00,,,,,0.00
02/2025,SPS.HMWI.HMWI,0.00,,-1707.28,,,,,-1707.28
02/2025,SPS.HOBBS.CC,0.00,0.00,-10943.99,-7113.35,,-48.90,-373.95,-18480.19
02/2025,SPS.JONES1,-60568.11,-11032.99,-31677.77,-2848.16,,0.00,-29.75,-106156.78
02/2025,SPS.JONES2,-110867.51,0.00,-5120.32,-4260.85,,-7.26,-38.73,-120294.67
02/2025,SPS.JONES3,-65153.34,-9198.03,-10539.86,-406.78,,-37.56,-129.58,-85465.15
02/2025,SPS.JONES4,-69917.84,-13760.75,-8539.08,-2398.18,,-2.97,-21.87,-94640.69
02/2025,SPS.LCEC.STERLINGWIND,,,-161.57,,,,,-161.57
02/2025,SPS.MADDOX1,-1699.30,0.00,-6341.55,-12270.36,,-35.65,-406.06,-20752.92
02/2025,SPS.MADDOXCT2,,,0.00,,,,,0.00
02/2025,SPS.MAMMOTHWND,0.00,,-164.14,-16929.79,,,-2521.89,-19615.82
02/2025,SPS.NICHOLS1,-55000.17,-8166.45,-2293.14,-5882.52,,-1.02,-116.41,-71459.71
02/2025,SPS.NICHOLS2,-43163.77,-7250.82,-2411.62,-3918.40,,-18.01,-110.84,-56873.46
02/2025,SPS.NICHOLS3,-13687.43,-7966.90,-1399.80,-1619.54,,-10.51,-72.40,-24756.58
02/2025,SPS.ORPLFRISCO,,,0.00,,,,,0.00
02/2025,SPS.ORPLPRN1_2,,,0.00,,,,,0.00
02/2025,SPS.PALODURWND,0.00,,-5991.88,-19315.22,,,-2965.00,-28272.10
02/2025,SPS.PANTEXWND,,,0.00,,,,,0.00
02/2025,SPS.PLANTX4,-55095.02,0.00,-3076.54,-6133.99,,-18.54,-109.39,-64433.48
02/2025,SPS.PLSNTHLWND,,,0.00,,,,,0.00
02/2025,SPS.PWII.PWII,0.00,,-744.64,,,,,-744.64
02/2025,SPS.QUAYCNTY,,,0.00,,,,,0.00
02/2025,SPS.RALLSWIND,,,0.00,,,,,0.00
02/2025,SPS.RICHRDSN1,,,0.00,,,,,0.00
02/2025,SPS.ROSVELTWND,0.00,,-3670.23,-3007.09,,,0.00,-6677.32
02/2025,SPS.ROSWLL.SLR,0.00,,-3054.28,-5499.66,,,-832.83,-9386.77
02/2025,SPS.SAGAMORE.WND,0.00,,-9340.38,-1741.99,,,0.00,-11082.37
02/2025,SPS.SJUANWIND1,0.00,,-104.49,,,,,-104.49
02/2025,SPS.SPINSPUR,0.00,,-4105.95,-7911.85,,,-1056.01,-13073.81
02/2025,SPS.SUNE_SPS1,,,0.00,,,,,0.00
02/2025,SPS.SUNE_SPS2,,,0.00,,,,,0.00
02/2025,SPS.SUNE_SPS3,,,0.00,,,,,0.00
02/2025,SPS.SUNE_SPS4,,,0.00,,,,,0.00
02/2025,SPS.SUNE_SPS5,,,0.00,,,,,0.00
02/2025,SPS.SWBD.BD,0.00,,0.00,,,,,0.00
02/2025,SPS.TNSK.LLANOWIND1UNIT,0.00,,-7.34,,,,,-7.34
02/2025,SPS.TOLK1,-101787.60,-28764.49,-3348.64,-5192.84,,-24.51,-166.01,-139284.09
02/2025,SPS.TOLK2,-93045.46,-60476.72,-6523.70,-10462.52,,-4.42,-226.64,-170739.46
02/2025,SPS.TPS4.MILO,0.00,,0.00,,,,,0.00
02/2025,SPS.VOLT.0005,,0.00,0.00,,,0.00,0.00,0.00
02/2025,SPS.VOLT.0006,,,0.00,,,,,0.00
02/2025,SPS.VOLT.0023,,,0.00,,,,,0.00
02/2025,SPS.VOLT.0163,,,0.00,,,,,0.00
02/2025,SPS.VOLT.0168,,,0.00,,,,,0.00
02/2025,SPS.VOLT.0180,,,0.00,,,,,0.00
02/2025,SPS.VOLT.0181,,,0.00,,,,,0.00
02/2025,SPS.VOLT.0182,,,0.00,,,,,0.00
02/2025,SPS.VOLT.0199,,,0.00,,,,,0.00
02/2025,SPS.VOLT.0200,,,0.00,,,,,0.00
02/2025,SPS.VOLT.0235,0.00,,0.00,,,,,0.00
02/2025,SPS.WFEC.CAPROKWIND,,,-33.66,,,,,-33.66
02/2025,SPS.WFEC.CHAVES2SOLAR,,,0.00,,,,,0.00
02/2025,SPS.WILDORADO,0.00,,-10043.52,-6612.94,,,0.00,-16656.46
02/2025,SPS.WTAMWIND,,,0.00,,,,,0.00
02/2025,SWPA.SIKE.GEN,0.00,,0.00,,,,,0.00
02/2025,TPW_PETERSBURG,0.00,,0.00,,,,,0.00
02/2025,WAUE.AWD1.AURAWIND,,,0.00,,,,,0.00
02/2025,WAUE.BEPM.AURORA,,,0.00,,,,,0.00
02/2025,WAUE.BEPM.AVS1,-90989.53,,-84.40,902.76,,-3.93,-2.32,-90177.42
02/2025,WAUE.BEPM.AVS2,-101260.23,,-0.90,192.84,,0.00,-2.07,-101070.36
02/2025,WAUE.BEPM.BALDWIN,,,0.00,,,,,0.00
02/2025,WAUE.BEPM.BRADY1,,,0.00,,,,,0.00
02/2025,WAUE.BEPM.BRADY2,,,0.00,,,,,0.00
02/2025,WAUE.BEPM.BURKE,,,0.00,-286.77,,,-14.45,-301.22
02/2025,WAUE.BEPM.CAMPBLCO,,,0.00,,,,,0.00
02/2025,WAUE.BEPM.CP01.DDR,,,0.00,,,,,0.00
02/2025,WAUE.BEPM.CROSSWINDS,,,0.00,,,,,0.00
02/2025,WAUE.BEPM.CROWLAKE,,,0.00,-4772.30,,,-1931.78,-6704.08
02/2025,WAUE.BEPM.CULBERTSON1,-469.80,-488.63,-959.67,-7630.83,,-15.90,-292.93,-9857.76
02/2025,WAUE.BEPM.CULBERTSONWH,,,0.00,,,,,0.00
02/2025,WAUE.BEPM.DAYCOUNTY1,,,0.00,,,,,0.00
02/2025,WAUE.BEPM.DCS1,-80781.18,-74019.80,0.00,837.74,,-61.46,-10.60,-154035.30
02/2025,WAUE.BEPM.EDGELEY,,,0.00,0.12,,,-0.35,-0.23
02/2025,WAUE.BEPM.EFW2,,-28700.08,0.00,,,0.00,0.00,-28700.08
02/2025,WAUE.BEPM.ESTHERVILLE,,-11400.76,0.00,,,0.00,0.00,-11400.76
02/2025,WAUE.BEPM.GARVINWH,0.00,,0.00,,,,,0.00
02/2025,WAUE.BEPM.GGS1,-37653.64,-41835.00,0.00,-1630.95,,-11.50,-12.60,-81143.69
02/2025,WAUE.BEPM.GGS2,,,0.00,,,,,0.00
02/2025,WAUE.BEPM.HIDEWOODWH,0.00,,0.00,,,,,0.00
02/2025,WAUE.BEPM.HYDECOUNTY,,,0.00,0.00,,,,0.00
02/2025,WAUE.BEPM.LAKOTA,,,0.00,,,,,0.00
02/2025,WAUE.BEPM.LCS1,-82.67,-292.03,0.00,,,0.00,0.00,-374.70
02/2025,WAUE.BEPM.LCS2,-6357.40,-2588.19,-93.98,-1743.49,,-19.15,-175.89,-10978.10
02/2025,WAUE.BEPM.LCS3,,,0.00,,,,,0.00
02/2025,WAUE.BEPM.LCS4,-52272.39,-31019.55,-125.30,-2057.72,,-11.11,-11.37,-85497.44
02/2025,WAUE.BEPM.LCS5,-822.10,-16461.20,0.00,1.04,,-4.66,-6.91,-17293.83
02/2025,WAUE.BEPM.LCS6,,,0.00,,,,,0.00
02/2025,WAUE.BEPM.LINDAHL,,,0.00,,,,,0.00
02/2025,WAUE.BEPM.LOS1,-44476.27,,-169.97,731.77,,-24.60,-45.76,-43984.83
02/2025,WAUE.BEPM.LOS2,-126612.98,,0.00,,,,,-126612.98
02/2025,WAUE.BEPM.LRSE,-1881825.16,,-6442.17,2523.94,,-10.47,-78.54,-1885832.40
02/2025,WAUE.BEPM.MADISON,-4132.61,-2997.83,0.00,,,0.00,0.00,-7130.44
02/2025,WAUE.BEPM.MANNINGWH,0.00,,0.00,,,,,0.00
02/2025,WAUE.BEPM.NEAL4,0.00,,0.00,-78.39,,-5.87,-4.21,-88.47
02/2025,WAUE.BEPM.NTHBNDWND,,,0.00,,,,,0.00
02/2025,WAUE.BEPM.PEMBROOKWH,0.00,,0.00,,,,,0.00
02/2025,WAUE.BEPM.PGS1,-6410.07,-3933.27,0.00,-3585.12,,-0.02,-35.17,-13963.65
02/2025,WAUE.BEPM.PGS11,-1209.40,-1991.26,-25.33,-1330.28,,-4.32,-75.72,-4636.31
02/2025,WAUE.BEPM.PGS12,-1893.33,-713.88,-303.96,-3357.20,,-5.76,-128.45,-6402.58
02/2025,WAUE.BEPM.PGS13,,0.00,0.00,,,0.00,0.00,0.00
02/2025,WAUE.BEPM.PGS14,-1269.55,-243.58,-57.88,-248.00,,-2.70,-103.70,-1925.41
02/2025,WAUE.BEPM.PGS15,-2429.85,-1030.83,-153.35,-1334.00,,-4.25,-119.75,-5072.03
02/2025,WAUE.BEPM.PGS16,-2731.15,-572.33,-303.96,-2776.52,,-16.30,-185.97,-6586.23
02/2025,WAUE.BEPM.PGS17,-2981.60,-585.35,-410.60,-2922.68,,-15.57,-198.06,-7113.86
02/2025,WAUE.BEPM.PGS18,-1993.77,-1126.88,-126.48,-1046.18,,-4.24,-85.66,-4383.21
02/2025,WAUE.BEPM.PGS19,-2537.08,-576.17,-347.26,-2492.33,,-18.08,-183.19,-6154.11
02/2025,WAUE.BEPM.PGS2,-570.98,-2416.76,0.00,369.53,,-21.90,-37.26,-2677.37
02/2025,WAUE.BEPM.PGS20,-1743.55,-246.51,-245.25,-1501.56,,-16.41,-172.38,-3925.66
02/2025,WAUE.BEPM.PGS21,-1815.30,-558.52,-294.01,-2176.42,,-16.22,-168.96,-5029.43
02/2025,WAUE.BEPM.PGS22,,,0.00,,,,,0.00
02/2025,WAUE.BEPM.PGS3,0.00,-4713.35,-52.21,-1468.18,,-0.65,-11.83,-6246.22
02/2025,WAUE.BEPM.PGS31,,,0.00,,,,,0.00
02/2025,WAUE.BEPM.PGS32,,,0.00,,,,,0.00
02/2025,WAUE.BEPM.PGS33,,,0.00,,,,,0.00
02/2025,WAUE.BEPM.PGS34,,,0.00,,,,,0.00
02/2025,WAUE.BEPM.PGS35,,,0.00,,,,,0.00
02/2025,WAUE.BEPM.PGS36,,0.00,0.00,,,0.00,0.00,0.00
02/2025,WAUE.BEPM.PGS5,,,0.00,,,,,0.00
02/2025,WAUE.BEPM.PREVAIL,,,0.00,,,,,0.00
02/2025,WAUE.BEPM.PW1,,,0.00,-7784.46,,,-1934.82,-9719.28
02/2025,WAUE.BEPM.SIOUXLNDCT,0.00,,0.00,,,,,0.00
02/2025,WAUE.BEPM.SIOUXLNDSLD,0.00,,0.00,,,,,0.00
02/2025,WAUE.BEPM.SMS1,,-80860.01,0.00,,,0.00,0.00,-80860.01
02/2025,WAUE.BEPM.SMS2,,,0.00,,,,,0.00
02/2025,WAUE.BEPM.STANTHONYWH,0.00,,0.00,,,,,0.00
02/2025,WAUE.BEPM.SUNFLOWER,,,0.00,,,,,0.00
02/2025,WAUE.BEPM.SUPERIOR,,,0.00,,,,,0.00
02/2025,WAUE.BEPM.TRIPLEHWIND,,,0.00,,,,,0.00
02/2025,WAUE.BEPM.WEBSTERCITY,-6195.43,-22119.64,0.00,,,0.00,0.00,-28315.07
02/2025,WAUE.BEPM.WILTON1,,,0.00,,,,,0.00
02/2025,WAUE.BEPM.WILTON2,,,0.00,,,,,0.00
02/2025,WAUE.BEPM.WISDOM1,-24614.05,-55262.17,0.00,-737.75,,-1.76,-0.19,-80615.92
02/2025,WAUE.BEPM.WLDSPRNGS,,,0.00,,,,,0.00
02/2025,WAUE.BEPM.WOODLANDWH,0.00,,0.00,,,,,0.00
02/2025,WAUE.BIGBEND.1_8,0.00,0.00,0.00,,,0.00,0.00,0.00
02/2025,WAUE.CRK1.CROCKER,,,0.00,,,,,0.00
02/2025,WAUE.FTPECK.1_3,,,0.00,,,,,0.00
02/2025,WAUE.FTPECK.4_5,0.00,0.00,0.00,,,0.00,0.00,0.00
02/2025,WAUE.FTRANDALL.1_2,0.00,,0.00,,,,,0.00
02/2025,WAUE.FTRANDALL.3_8,0.00,0.00,0.00,,,0.00,0.00,0.00
02/2025,WAUE.GARRISON.1_3,0.00,,0.00,,,,,0.00
02/2025,WAUE.GARRISON.4_5,0.00,,0.00,,,,,0.00
02/2025,WAUE.GAVINSPT.1_3,0.00,,0.00,,,,,0.00
02/2025,WAUE.HCPD.WESS,0.00,,0.00,,,,,0.00
02/2025,WAUE.LCE.WILCK,,,0.00,,,,,0.00
02/2025,WAUE.MRES.EXR1,-16774.61,-28266.58,0.00,2939.33,,-1.11,0.00,-42102.97
02/2025,WAUE.MRES.EXR2,-16880.01,-25429.48,0.00,2958.69,,-1.34,0.00,-39352.14
02/2025,WAUE.MRES.EXR3,-17575.18,-10769.12,0.00,1199.46,,-12.12,0.00,-27156.96
02/2025,WAUE.MRES.WTRN,,-350726.22,0.00,,,0.00,0.00,-350726.22
02/2025,WAUE.NGRM.WILDSPRINGS,,,0.00,,,,,0.00
02/2025,WAUE.NMCA.ALGONA,,-34996.56,0.00,,,0.00,0.00,-34996.56
02/2025,WAUE.NMCA.ALTAMUN,,-4531.82,0.00,,,0.00,0.00,-4531.82
02/2025,WAUE.NMCA.BANCROFT,,-9043.20,0.00,,,0.00,0.00,-9043.20
02/2025,WAUE.NMCA.COONRAPIDS,,-13285.92,0.00,,,0.00,0.00,-13285.92
02/2025,WAUE.NMCA.GRAETTINGER,,-4417.32,0.00,,,0.00,0.00,-4417.32
02/2025,WAUE.NMCA.GRUNDYCENTER,,-18116.40,0.00,,,0.00,0.00,-18116.40
02/2025,WAUE.NMCA.LAURENS,,-15834.20,0.00,,,0.00,0.00,-15834.20
02/2025,WAUE.NMCA.MILFORD,,-11691.80,0.00,,,0.00,0.00,-11691.80
02/2025,WAUE.NMCA.NEAL4,0.00,,0.00,-20.24,,-5.66,-1.83,-27.73
02/2025,WAUE.NMCA.NEWHAMPTON,-30993.47,-90412.14,0.00,,,0.00,0.00,-121405.61
02/2025,WAUE.NMCA.SPENCER,,,0.00,,,,,0.00
02/2025,WAUE.NMCA.SUMNER,-10754.84,,0.00,,,,,-10754.84
02/2025,WAUE.NMCA.WESTBEND,,-10483.65,0.00,,,0.00,0.00,-10483.65
02/2025,WAUE.NMCA.WS4,0.00,0.00,-0.44,-252.53,,-28.68,-23.52,-305.17
02/2025,WAUE.NWPS.AB1,,,0.00,,,,,0.00
02/2025,WAUE.NWPS.AB2,-21290.56,-36184.63,0.00,,,0.00,0.00,-57475.19
02/2025,WAUE.NWPS.AUR,0.00,,0.00,,,,,0.00
02/2025,WAUE.NWPS.BEETHOVEN,0.00,,0.00,,,,,0.00
02/2025,WAUE.NWPS.BIGSTONE1,-23140.36,0.00,-81.87,,,0.00,0.00,-23222.23
02/2025,WAUE.NWPS.BRUL,0.00,,0.00,,,,,0.00
02/2025,WAUE.NWPS.COYOTE1,-2163.04,0.00,0.00,,,0.00,0.00,-2163.04
02/2025,WAUE.NWPS.GLAN,-24078.56,-14340.88,0.00,,,0.00,0.00,-38419.44
02/2025,WAUE.NWPS.NEAL4,0.00,0.00,0.00,,,0.00,0.00,0.00
02/2025,WAUE.NWPS.OTE,0.00,,0.00,,,,,0.00
02/2025,WAUE.NWPS.TITAN,0.00,,0.00,,,,,0.00
02/2025,WAUE.OAHE.1,0.00,0.00,0.00,,,0.00,0.00,0.00
02/2025,WAUE.OAHE.2_7,0.00,,0.00,,,,,0.00
02/2025,WAUE.OLVR.OLVR,,,0.00,,,,,0.00
02/2025,WAUE.OPPD.GRPR1,0.00,,0.00,,,,,0.00
02/2025,WAUE.PCWF.PCWF,0.00,,0.00,,,,,0.00
02/2025,WAUE.SLWF.SLWF,0.00,,0.00,,,,,0.00
02/2025,WAUE.VOLT.0152,,,0.00,,,,,0.00
02/2025,WAUE.VOLT.0172,,,0.00,,,,,0.00
02/2025,WFEC.BSWF.BSWF,,,0.00,,,,,0.00
02/2025,WFEC.MVWP.MVWP,,,-2119.69,,,,,-2119.69
02/2025,WFEC.OMPA.NFSOLAR,,,-81707.09,,,,,-81707.09
02/2025,WFEC.PEOP.CENTRAHOMAEAST,-918.53,-12146.85,0.00,,,0.00,0.00,-13065.38
02/2025,WFEC.PEOP.CENTRAHOMAWEST,-1176.51,-8324.52,0.00,,,0.00,0.00,-9501.03
02/2025,WFEC.PEOP.LELK,0.00,,0.00,,,,,0.00
02/2025,WFEC.PEOP.LITTLEDIXIE,0.00,-1066.89,0.00,,,0.00,0.00,-1066.89
02/2025,WFEC.PEOP.STUART,-710.66,-804.88,0.00,,,0.00,0.00,-1515.54
02/2025,WFEC_ANA_COMB_CYC_4,-52585.35,-226449.96,0.00,-492.87,,-21.61,-2.79,-279552.58
02/2025,WFEC_ANA_COMB_CYC_5,-94578.22,-194885.16,-64.95,-1460.36,,-87.53,-33.17,-291109.39
02/2025,WFEC_ANA_COMB_CYC_6,-72497.00,-55241.82,0.00,-8.26,,-3.48,-5.39,-127755.95
02/2025,WFEC_ANA_GENCO_7,-17953.94,-150580.16,0.00,-696.24,,-102.00,0.00,-169332.34
02/2025,WFEC_ANA_GENCO_8,-31696.01,-185039.58,-15.67,-3028.22,,-184.56,-16.64,-219980.68
02/2025,WFEC_ANA_ORME_10,-32270.54,-162150.46,-3164.77,-19909.05,,-165.01,-1.84,-217661.67
02/2025,WFEC_ANA_ORME_11,-26318.42,-228734.20,-2529.76,-809.07,,-190.57,0.00,-258582.02
02/2025,WFEC_ANA_ORME_9,-25534.67,-178675.40,0.00,-1690.52,,-216.05,-1.44,-206118.08
02/2025,WFEC_ANA_STEAM_PLANT,,,0.00,,,,,0.00
02/2025,WFEC_BALKO_WIND_FARM,,,0.00,,,,,0.00
02/2025,WFEC_BUFFBEAR_WIND_FARM,,,0.00,,,,,0.00
02/2025,WFEC_CAPROCK_SOLAR,,,0.00,,,,,0.00
02/2025,WFEC_GRANT_COUNTY_WIND,,,-0.33,,,,,-0.33
02/2025,WFEC_HUGO_PLANT,-66767.81,,-6783.38,709.27,,-82.65,-296.49,-73221.06
02/2025,WFEC_LC_GAS_PLANT,-10943.01,-11260.46,-101.91,-495.26,,-20.73,-1.48,-22822.85
02/2025,WFEC_MOORELAND_2,-41318.65,-125566.31,0.00,303.54,,-50.85,-0.01,-166632.28
02/2025,WFEC_MOORELAND_3,-18017.92,-78017.42,0.00,25.92,,-46.53,0.00,-96055.95
02/2025,WFEC_MOORELAND_PLANT,,,0.00,,,,,0.00
02/2025,WFEC_REDHILLS_WIND_FARM,,,0.00,,,,,0.00
02/2025,WFEC_RKYRIDGE_WIND_FARM,,,0.00,,,,,0.00
02/2025,WFEC_WILDCAT_WIND_FARM,,,-1.07,,,,,-1.07
02/2025,WR.CBW,0.00,,0.00,,,,,0.00
02/2025,WR.CPW,0.00,,0.00,,,,,0.00
02/2025,WR.EMP.CT1,-21854.86,-28552.96,0.00,499.09,,-2.25,0.00,-49910.98
02/2025,WR.EMP.CT2,-19225.26,-18828.77,0.00,3668.13,,-8.35,0.00,-34394.25
02/2025,WR.EMP.CT3,-16737.00,-28822.34,0.00,2777.09,,-2.32,0.00,-42784.57
02/2025,WR.EMP.CT4,-2929.97,-24663.28,0.00,128.87,,-2.98,0.00,-27467.36
02/2025,WR.EMP.CT5,-10773.66,-85698.04,0.00,9470.72,,-62.24,-101.97,-87165.19
02/2025,WR.EMP.CT6,-19162.34,-87976.22,0.00,10700.26,,-51.36,-117.38,-96607.04
02/2025,WR.EMP.CT7,-184.61,-53961.28,0.00,1044.54,,-8.32,-42.43,-53152.10
02/2025,WR.ERIE.EC,-5281.46,-98.66,0.00,,,0.00,0.00,-5380.12
02/2025,WR.ETNA.ASSET1,,,0.00,,,,,0.00
02/2025,WR.FLATRIDGE3,0.00,,0.00,,,,,0.00
02/2025,WR.FLATRIDGE4,,,0.00,,,,,0.00
02/2025,WR.FLATRIDGE5,,,0.00,,,,,0.00
02/2025,WR.FRW.1,0.00,,0.00,0.70,,,-8.05,-7.35
02/2025,WR.FRW.2,0.00,,0.00,,,,,0.00
02/2025,WR.GEEC.GT1,-19569.92,-93486.19,0.00,,,0.00,0.00,-113056.11
02/2025,WR.GEEC.GT2,-20691.82,-129504.46,0.00,0.00,,0.00,0.00,-150196.28
02/2025,WR.GEEC.GT3,-5890.75,-26983.30,0.00,160.48,,-33.31,-0.99,-32747.87
02/2025,WR.GSEC.DIAMONDVIST,,,0.00,,,,,0.00
02/2025,WR.HBWA.HBWA,0.00,,-29822.16,,,,,-29822.16
02/2025,WR.HEC.GT1,-25330.56,-71880.91,0.00,960.98,,0.00,0.00,-96250.49
02/2025,WR.HEC.GT2,-35413.67,-61596.80,0.00,22.10,,-1.76,0.00,-96990.13
02/2025,WR.HEC.GT3,-35374.52,-62158.82,0.00,-32.86,,-3.88,0.00,-97570.08
02/2025,WR.HEC.GT4,-36344.12,-37178.12,0.00,,,0.00,0.00,-73522.24
02/2025,WR.IRSH.IRSH,0.00,,-41892.19,,,,,-41892.19
02/2025,WR.IWW1.GEN,0.00,,0.00,,,,,0.00
02/2025,WR.JAYHAWK,0.00,,-0.12,,,,,-0.12
02/2025,WR.JEC.1,0.00,,-10404.12,-11442.54,,-191.99,-742.62,-22781.27
02/2025,WR.JEC.2,-162672.23,-19551.66,-6403.88,-12954.46,,-178.14,-686.24,-202446.61
02/2025,WR.JEC.3,-188639.96,-34120.92,-5038.76,-15521.32,,-192.90,-159.34,-243673.20
02/2025,WR.KCW,0.00,,0.00,,,,,0.00
02/2025,WR.KMW.1,0.00,,0.00,,,,,0.00
02/2025,WR.KMW.2,0.00,,0.00,,,,,0.00
02/2025,WR.LEC.4,-21421.21,-7852.04,-2301.21,-15982.18,,-75.07,-219.52,-47851.23
02/2025,WR.LEC.5,,,0.00,,,,,0.00
02/2025,WR.MCPH.CT1,-18054.14,-108164.09,0.00,,,0.00,0.00,-126218.23
02/2025,WR.MCPH.CT2,-21588.33,-98197.30,0.00,,,0.00,0.00,-119785.63
02/2025,WR.MCPH.CT3,-21714.22,-67496.12,0.00,,,0.00,0.00,-89210.34
02/2025,WR.MCPH.CT4,-11267.74,-53484.08,0.00,,,0.00,0.00,-64751.82
02/2025,WR.MIDW.SMOKY1.ENEL,,,0.00,,,,,0.00
02/2025,WR.MIDW.SMOKY2.ENEL,,,0.00,,,,,0.00
02/2025,WR.MW.COLBY.MW,,,0.00,,,,,0.00
02/2025,WR.MW.GMEC.MW,-11814.78,-19136.36,0.00,,,0.00,0.00,-30951.14
02/2025,WR.MW.GMEC2.MW,-8539.86,-18657.51,0.00,,,0.00,0.00,-27197.37
02/2025,WR.MW.KSE.MW,0.00,0.00,-65.14,,,0.00,0.00,-65.14
02/2025,WR.MW.SMOK2.CU,0.00,,0.00,,,,,0.00
02/2025,WR.MWE1.MARSHALLWIND,0.00,,0.00,,,,,0.00
02/2025,WR.MWW,0.00,,0.00,,,,,0.00
02/2025,WR.NSW,0.00,,0.00,,,,,0.00
02/2025,WR.PEOP.BUZZARDFLOP,-847.11,-1024.72,0.00,,,0.00,0.00,-1871.83
02/2025,WR.PRW.GEN,0.00,,0.00,,,,,0.00
02/2025,WR.READ.READ,0.00,,0.00,,,,,0.00
02/2025,WR.SHARPE.KEPC,-4134.26,,0.00,,,,,-4134.26
02/2025,WR.SOCW.SOCW,0.00,,-1916.28,,,,,-1916.28
02/2025,WR.SPRM.ETNADVISTA,0.00,,0.00,,,,,0.00
02/2025,WR.SWITCHGRASS,,0.00,-2.32,-451.41,,0.00,0.00,-453.73
02/2025,WR.VOLT.0106,,,0.00,,,,,0.00
02/2025,WR.VOLT.0157,,,0.00,,,,,0.00
02/2025,WR.VOLT.0158,,,0.00,,,,,0.00
02/2025,WR.VOLT.0173,,,0.00,,,,,0.00
02/2025,WR.VOLT.0174,,,0.00,,,,,0.00
02/2025,WR.VOLT.0184,,,0.00,,,,,0.00
02/2025,WR.VOLT.0186,,,0.00,,,,,0.00
02/2025,WR.VOLT.0245,,,0.00,,,,,0.00
02/2025,WR.VOLT.0248,,0.00,0.00,,,0.00,0.00,0.00
02/2025,WR.WLDP.WLDP,,,0.00,,,,,0.00
02/2025,WR.WMRM.1,0.00,,0.00,,,,,0.00
02/2025,WR.WOLF,0.00,,0.00,,,,,0.00
02/2025,WR.WPW,0.00,,0.00,,,,,0.00
02/2025,WR_CH_CHAN14GT,-233406.18,-91922.73,0.00,,,0.00,0.00,-325328.91
02/2025,WR_FLATRIDGE2SWPCO1,0.00,,0.00,,,,,0.00
02/2025,WR_FLATRIDGE2SWPCO2,0.00,,0.00,,,,,0.00
02/2025,WR_FLATRIDGE2TSA,0.00,,0.00,,,,,0.00
02/2025,WR_FLATRIDGESOUTH,0.00,,0.00,,,,,0.00
02/2025,WR_KPP_SESC,0.00,0.00,-0.02,354.87,,-0.23,-3.54,351.08
02/2025,WR_KP_AUGICN1,-2275.86,0.00,0.00,,,0.00,0.00,-2275.86
02/2025,WR_KP_AUGICN2,-2247.40,-174.76,0.00,,,0.00,0.00,-2422.16
02/2025,WR_KP_AUGICN3,,,0.00,,,,,0.00
02/2025,WR_KP_AUGICN4,-3309.26,0.00,0.00,,,0.00,0.00,-3309.26
02/2025,WR_KP_CCPUCIC1,,0.00,0.00,,,0.00,0.00,0.00
02/2025,WR_KP_CCPUCIC2,,0.00,0.00,,,0.00,0.00,0.00
02/2025,WR_KP_CCPUCIC3,,-4477.82,0.00,,,0.00,0.00,-4477.82
02/2025,WR_KP_CCPUCIC4,,-3584.79,0.00,,,0.00,0.00,-3584.79
02/2025,WR_KP_CCPUCIC5,,-3630.09,0.00,,,0.00,0.00,-3630.09
02/2025,WR_KP_CCPUCIC8,-4750.07,-264.97,0.00,,,0.00,0.00,-5015.04
02/2025,WR_KP_WELLTNGT,,-3595.92,0.00,,,0.00,0.00,-3595.92
02/2025,WR_KP_WELLTNST,-92795.55,,0.00,,,,,-92795.55
02/2025,WR_KP_WINFLDGT,-6804.49,-4811.72,0.00,,,0.00,0.00,-11616.21
02/2025,WR_KP_WINFLDST,,,0.00,,,,,0.00
02/2025,1,,,,,0.00,,,0.00
02/2025,1000,,,,,0.00,,,0.00
02/2025,A3P7_X,,,,,0.00,,,0.00
02/2025,AATC,,,,,0.00,,,0.00
02/2025,ACE,,,,,0.00,,,0.00
02/2025,AE,,,,,0.00,,,0.00
02/2025,AECC,,,,,0.00,,,0.00
02/2025,AECR_X,,,,,0.00,,,0.00
02/2025,AEPE,,,,,0.00,,,0.00
02/2025,AEPM_X,,,,,0.00,,,0.00
02/2025,AFGE,,,,,0.00,,,0.00
02/2025,AFTR_X,,,,,0.00,,,0.00
02/2025,AGIL_X,,,,,0.00,,,0.00
02/2025,AKMC,,,,,0.00,,,0.00
02/2025,ALPH_X,,,,,0.00,,,0.00
02/2025,ALTM,,,,,0.00,,,0.00
02/2025,AMTS,,,,,0.00,,,0.00
02/2025,AMUE,,,,,0.00,,,0.00
02/2025,APM,,,,,0.00,,,0.00
02/2025,APV,,,,,0.00,,,0.00
02/2025,ARON,,,,,0.00,,,0.00
02/2025,ATNV,,,,,0.00,,,0.00
02/2025,ATOP_X,,,,,0.00,,,0.00
02/2025,ATVI,,,,,0.00,,,0.00
02/2025,AUTO,,,,,0.00,,,0.00
02/2025,AWSW_X,,,,,0.00,,,0.00
02/2025,BAZ_X,,,,,0.00,,,0.00
02/2025,BBND_X,,,,,0.00,,,0.00
02/2025,BCKY,,,,,0.00,,,0.00
02/2025,BCV,,,,,0.00,,,0.00
02/2025,BCW1,,,,,0.00,,,0.00
02/2025,BCW2,,,,,0.00,,,0.00
02/2025,BEPM,,,,,0.00,,,0.00
02/2025,BETH,,,,,0.00,,,0.00
02/2025,BHP,,,,,0.00,,,0.00
02/2025,BIOP,,,,,0.00,,,0.00
02/2025,BJEN,,,,,0.00,,,0.00
02/2025,BKNR,,,,,0.00,,,0.00
02/2025,BLOO,,,,,0.00,,,0.00
02/2025,BPEC,,,,,0.00,,,0.00
02/2025,BPTR,,,,,0.00,,,0.00
02/2025,BRPS,,,,,0.00,,,0.00
02/2025,BRTM,,,,,0.00,,,0.00
02/2025,BSFT_X,,,,,0.00,,,0.00
02/2025,BTGP,,,,,0.00,,,0.00
02/2025,BWPI_X,,,,,0.00,,,0.00
02/2025,CALP,,,,,0.00,,,0.00
02/2025,CCCO,,,,,0.00,,,0.00
02/2025,CCOT_X,,,,,0.00,,,0.00
02/2025,CDT2_X,,,,,0.00,,,0.00
02/2025,CEF,,,,,0.00,,,0.00
02/2025,CEI,,,,,0.00,,,0.00
02/2025,CEM,,,,,0.00,,,0.00
02/2025,CHAN,,,,,0.00,,,0.00
02/2025,CLBR_X,,,,,0.00,,,0.00
02/2025,CMRN,,,,,0.00,,,0.00
02/2025,CMTY,,,,,0.00,,,0.00
02/2025,CNLI,,,,,0.00,,,0.00
02/2025,CONC,,,,,0.00,,,0.00
02/2025,CORP,,,,,0.00,,,0.00
02/2025,CPTL_X,,,,,0.00,,,0.00
02/2025,CRE1,,,,,0.00,,,0.00
02/2025,CRK1,,,,,0.00,,,0.00
02/2025,CSUM,,,,,0.00,,,0.00
02/2025,CVET,,,,,0.00,,,0.00
02/2025,CWP1,,,,,0.00,,,0.00
02/2025,CWPS,,,,,0.00,,,0.00
02/2025,DANS,,,,,0.00,,,0.00
02/2025,DART,,,,,0.00,,,0.00
02/2025,DCMW,,,,,0.00,,,0.00
02/2025,DCSW,,,,,0.00,,,0.00
02/2025,DCTW_X,,,,,0.00,,,0.00
02/2025,DECI,,,,,0.00,,,0.00
02/2025,DEN2,,,,,0.00,,,0.00
02/2025,DGPM,,,,,0.00,,,0.00
02/2025,DIVE,,,,,0.00,,,0.00
02/2025,DRDG,,,,,0.00,,,0.00
02/2025,DRIL_X,,,,,0.00,,,0.00
02/2025,DRWT,,,,,0.00,,,0.00
02/2025,DVEP_X,,,,,0.00,,,0.00
02/2025,DXTI_X,,,,,0.00,,,0.00
02/2025,DYNP,,,,,0.00,,,0.00
02/2025,EAGL,,,,,0.00,,,0.00
02/2025,EAMP,,,,,0.00,,,0.00
02/2025,EDEP,,,,,0.00,,,0.00
02/2025,EEMU,,,,,0.00,,,0.00
02/2025,EFX_X,,,,,0.00,,,0.00
02/2025,EGP2,,,,,0.00,,,0.00
02/2025,EKCW,,,,,0.00,,,0.00
02/2025,EKI,,,,,0.00,,,0.00
02/2025,ELK2,,,,,0.00,,,0.00
02/2025,EMMT,,,,,0.00,,,0.00
02/2025,EMRA,,,,,0.00,,,0.00
02/2025,ENDU,,,,,0.00,,,0.00
02/2025,EPTL_X,,,,,0.00,,,0.00
02/2025,ETEC,,,,,0.00,,,0.00
02/2025,ETNA_X,,,,,0.00,,,0.00
02/2025,EXGN,,,,,0.00,,,0.00
02/2025,FCI,,,,,0.00,,,0.00
02/2025,FNGE,,,,,0.00,,,0.00
02/2025,FPLP,,,,,0.00,,,0.00
02/2025,FR2W,,,,,0.00,,,0.00
02/2025,FR4W,,,,,0.00,,,0.00
02/2025,FR5W,,,,,0.00,,,0.00
02/2025,FREM,,,,,0.00,,,0.00
02/2025,FRPO,,,,,0.00,,,0.00
02/2025,FRPT,,,,,0.00,,,0.00
02/2025,FRT2,,,,,0.00,,,0.00
02/2025,FSCP_X,,,,,0.00,,,0.00
02/2025,FT0_X,,,,,0.00,,,0.00
02/2025,GAEL_X,,,,,0.00,,,0.00
02/2025,GALT,,,,,0.00,,,0.00
02/2025,GDMS_X,,,,,0.00,,,0.00
02/2025,GDWL,,,,,0.00,,,0.00
02/2025,GEN4_X,,,,,0.00,,,0.00
02/2025,GEO4,,,,,0.00,,,0.00
02/2025,GFAC_X,,,,,0.00,,,0.00
02/2025,GLAS,,,,,0.00,,,0.00
02/2025,GOCP,,,,,0.00,,,0.00
02/2025,GOE_X,,,,,0.00,,,0.00
02/2025,GOOG,,,,,0.00,,,0.00
02/2025,GPLP,,,,,0.00,,,0.00
02/2025,GPLW,,,,,0.00,,,0.00
02/2025,GPM,,,,,0.00,,,0.00
02/2025,GPW1,,,,,0.00,,,0.00
02/2025,GPWA,,,,,0.00,,,0.00
02/2025,GRDM,,,,,0.00,,,0.00
02/2025,GRDX,,,,,0.00,,,0.00
02/2025,GRGE,,,,,0.00,,,0.00
02/2025,GRID,,,,,0.00,,,0.00
02/2025,GRIS,,,,,0.00,,,0.00
02/2025,GSEC,,,,,0.00,,,0.00
02/2025,GUNV,,,,,0.00,,,0.00
02/2025,HAL,,,,,0.00,,,0.00
02/2025,HAST,,,,,0.00,,,0.00
02/2025,HBWA,,,,,0.00,,,0.00
02/2025,HCPD,,,,,0.00,,,0.00
02/2025,HETM,,,,,0.00,,,0.00
02/2025,HEXI_X,,,,,0.00,,,0.00
02/2025,HHW,,,,,0.00,,,0.00
02/2025,HMMU,,,,,0.00,,,0.00
02/2025,HMWI,,,,,0.00,,,0.00
02/2025,HPLP,,,,,0.00,,,0.00
02/2025,HQUS,,,,,0.00,,,0.00
02/2025,HYST,,,,,0.00,,,0.00
02/2025,HZN,,,,,0.00,,,0.00
02/2025,ICUS,,,,,0.00,,,0.00
02/2025,IHG,,,,,0.00,,,0.00
02/2025,IMGL,,,,,0.00,,,0.00
02/2025,INDN,,,,,0.00,,,0.00
02/2025,INER,,,,,0.00,,,0.00
02/2025,INVM,,,,,0.00,,,0.00
02/2025,IREM,,,,,0.00,,,0.00
02/2025,IRSH,,,,,0.00,,,0.00
02/2025,JHWE,,,,,0.00,,,0.00
02/2025,JSET,,,,,0.00,,,0.00
02/2025,K2SO,,,,,0.00,,,0.00
02/2025,KARE,,,,,0.00,,,0.00
02/2025,KBPU,,,,,0.00,,,0.00
02/2025,KC12,,,,,0.00,,,0.00
02/2025,KCPS,,,,,0.00,,,0.00
02/2025,KCSP,,,,,0.00,,,0.00
02/2025,KEPC,,,,,0.00,,,0.00
02/2025,KMEA,,,,,0.00,,,0.00
02/2025,KPP,,,,,0.00,,,0.00
02/2025,KSET,,,,,0.00,,,0.00
02/2025,KTRO_X,,,,,0.00,,,0.00
02/2025,KWAN,,,,,0.00,,,0.00
02/2025,LAPM,,,,,0.00,,,0.00
02/2025,LBLU,,,,,0.00,,,0.00
02/2025,LCE,,,,,0.00,,,0.00
02/2025,LESM,,,,,0.00,,,0.00
02/2025,LETR_X,,,,,0.00,,,0.00
02/2025,LIM,,,,,0.00,,,0.00
02/2025,LTST,,,,,0.00,,,0.00
02/2025,MAG,,,,,0.00,,,0.00
02/2025,MCAP,,,,,0.00,,,0.00
02/2025,MCPI,,,,,0.00,,,0.00
02/2025,MDUM,,,,,0.00,,,0.00
02/2025,MEAI,,,,,0.00,,,0.00
02/2025,MEAN,,,,,0.00,,,0.00
02/2025,MECB,,,,,0.00,,,0.00
02/2025,MET1,,,,,0.00,,,0.00
02/2025,METL,,,,,0.00,,,0.00
02/2025,MEUC,,,,,0.00,,,0.00
02/2025,MFTP,,,,,0.00,,,0.00
02/2025,MHEM,,,,,0.00,,,0.00
02/2025,MIAP_X,,,,,0.00,,,0.00
02/2025,MIDW,,,,,0.00,,,0.00
02/2025,MJST,,,,,0.00,,,0.00
02/2025,MLCI,,,,,0.00,,,0.00
02/2025,MNCI,,,,,0.00,,,0.00
02/2025,MNII,,,,,0.00,,,0.00
02/2025,MOSW_X,,,,,0.00,,,0.00
02/2025,MPCN,,,,,0.00,,,0.00
02/2025,MPM,,,,,0.00,,,0.00
02/2025,MRES,,,,,0.00,,,0.00
02/2025,MSCG,,,,,0.00,,,0.00
02/2025,MSHE_X,,,,,0.00,,,0.00
02/2025,MSWT_X,,,,,0.00,,,0.00
02/2025,MWE1,,,,,0.00,,,0.00
02/2025,NABG_X,,,,,0.00,,,0.00
02/2025,NDCP,,,,,0.00,,,0.00
02/2025,NEH1,,,,,0.00,,,0.00
02/2025,NELI,,,,,0.00,,,0.00
02/2025,NEMG,,,,,0.00,,,0.00
02/2025,NETA,,,,,0.00,,,0.00
02/2025,NGRM,,,,,0.00,,,0.00
02/2025,NICK,,,,,0.00,,,0.00
02/2025,NJAL,,,,,0.00,,,0.00
02/2025,NPM_X,,,,,0.00,,,0.00
02/2025,NRG,,,,,0.00,,,0.00
02/2025,NRPT,,,,,0.00,,,0.00
02/2025,NSPP,,,,,0.00,,,0.00
02/2025,NSPT,,,,,0.00,,,0.00
02/2025,NSTR_X,,,,,0.00,,,0.00
02/2025,NUEN,,,,,0.00,,,0.00
02/2025,NWPS,,,,,0.00,,,0.00
02/2025,NYQ_X,,,,,0.00,,,0.00
02/2025,OAKH,,,,,0.00,,,0.00
02/2025,OGE,,,,,0.00,,,0.00
02/2025,OLSP,,,,,0.00,,,0.00
02/2025,OLVR,,,,,0.00,,,0.00
02/2025,OMET,,,,,0.00,,,0.00
02/2025,OMPA,,,,,0.00,,,0.00
02/2025,OPPM,,,,,0.00,,,0.00
02/2025,ORPL,,,,,0.00,,,0.00
02/2025,OTPW,,,,,0.00,,,0.00
02/2025,OUTL_X,,,,,0.00,,,0.00
02/2025,P66T,,,,,0.00,,,0.00
02/2025,PARL,,,,,0.00,,,0.00
02/2025,PCWF,,,,,0.00,,,0.00
02/2025,PEC,,,,,0.00,,,0.00
02/2025,PEC1,,,,,0.00,,,0.00
02/2025,PETC,,,,,0.00,,,0.00
02/2025,PF_X,,,,,0.00,,,0.00
02/2025,PNBK,,,,,0.00,,,0.00
02/2025,PNDA,,,,,0.00,,,0.00
02/2025,PNTF_X,,,,,0.00,,,0.00
02/2025,PPMI,,,,,0.00,,,0.00
02/2025,PRCP,,,,,0.00,,,0.00
02/2025,PROG,,,,,0.00,,,0.00
02/2025,PRTR_X,,,,,0.00,,,0.00
02/2025,PSCM,,,,,0.00,,,0.00
02/2025,PSCP,,,,,0.00,,,0.00
02/2025,PURE,,,,,0.00,,,0.00
02/2025,PWII,,,,,0.00,,,0.00
02/2025,PWX,,,,,0.00,,,0.00
02/2025,PXSE,,,,,0.00,,,0.00
02/2025,QOHM_X,,,,,0.00,,,0.00
02/2025,READ,,,,,0.00,,,0.00
02/2025,REF,,,,,0.00,,,0.00
02/2025,REMC,,,,,0.00,,,0.00
02/2025,REPP,,,,,0.00,,,0.00
02/2025,REUE_X,,,,,0.00,,,0.00
02/2025,RPGI,,,,,0.00,,,0.00
02/2025,RRSL,,,,,0.00,,,0.00
02/2025,RSPA,,,,,0.00,,,0.00
02/2025,RSPB,,,,,0.00,,,0.00
02/2025,RTX2_X,,,,,0.00,,,0.00
02/2025,RVA,,,,,0.00,,,0.00
02/2025,RWER,,,,,0.00,,,0.00
02/2025,SEE1_X,,,,,0.00,,,0.00
02/2025,SEM1,,,,,0.00,,,0.00
02/2025,SENT_X,,,,,0.00,,,0.00
02/2025,SEPC,,,,,0.00,,,0.00
02/2025,SESP,,,,,0.00,,,0.00
02/2025,SFEC,,,,,0.00,,,0.00
02/2025,SFUS,,,,,0.00,,,0.00
02/2025,SGPM_X,,,,,0.00,,,0.00
02/2025,SIKE,,,,,0.00,,,0.00
02/2025,SLNG,,,,,0.00,,,0.00
02/2025,SLWF,,,,,0.00,,,0.00
02/2025,SOAL_X,,,,,0.00,,,0.00
02/2025,SOCW,,,,,0.00,,,0.00
02/2025,SPA,,,,,0.00,,,0.00
02/2025,SPCT_X,,,,,0.00,,,0.00
02/2025,SPSM,,,,,0.00,,,0.00
02/2025,SPTL,,,,,0.00,,,0.00
02/2025,SRVA_X,,,,,0.00,,,0.00
02/2025,SSCN,,,,,0.00,,,0.00
02/2025,STOP_X,,,,,0.00,,,0.00
02/2025,STRO,,,,,0.00,,,0.00
02/2025,SUEZ,,,,,0.00,,,0.00
02/2025,SUSP,,,,,0.00,,,0.00
02/2025,SVI,,,,,0.00,,,0.00
02/2025,SWBD,,,,,0.00,,,0.00
02/2025,SWCV,,,,,0.00,,,0.00
02/2025,SWE,,,,,0.00,,,0.00
02/2025,SWE2,,,,,0.00,,,0.00
02/2025,SWEL,,,,,0.00,,,0.00
02/2025,SWPT_X,,,,,0.00,,,0.00
02/2025,SWP_X,,,,,0.00,,,0.00
02/2025,TCMI,,,,,0.00,,,0.00
02/2025,TEA,,,,,0.00,,,0.00
02/2025,TECX,,,,,0.00,,,0.00
02/2025,TEMU,,,,,0.00,,,0.00
02/2025,TERM,,,,,0.00,,,0.00
02/2025,TGPN,,,,,0.00,,,0.00
02/2025,THOR_X,,,,,0.00,,,0.00
02/2025,THWE,,,,,0.00,,,0.00
02/2025,TIDL,,,,,0.00,,,0.00
02/2025,TIOS,,,,,0.00,,,0.00
02/2025,TNSK,,,,,0.00,,,0.00
02/2025,TPS1_X,,,,,0.00,,,0.00
02/2025,TPS2_X,,,,,0.00,,,0.00
02/2025,TPS3_X,,,,,0.00,,,0.00
02/2025,TPS4_X,,,,,0.00,,,0.00
02/2025,TPS5_X,,,,,0.00,,,0.00
02/2025,TPS6_X,,,,,0.00,,,0.00
02/2025,TPS7_X,,,,,0.00,,,0.00
02/2025,TPS8_X,,,,,0.00,,,0.00
02/2025,TRLT,,,,,0.00,,,0.00
02/2025,TSPC,,,,,0.00,,,0.00
02/2025,TSPM,,,,,0.00,,,0.00
02/2025,TSRL,,,,,0.00,,,0.00
02/2025,TTL_X,,,,,0.00,,,0.00
02/2025,TUPL_X,,,,,0.00,,,0.00
02/2025,TVAM,,,,,0.00,,,0.00
02/2025,TWIG,,,,,0.00,,,0.00
02/2025,TYRE,,,,,0.00,,,0.00
02/2025,UGC1,,,,,0.00,,,0.00
02/2025,UGPM,,,,,0.00,,,0.00
02/2025,UNCD,,,,,0.00,,,0.00
02/2025,UPLS,,,,,0.00,,,0.00
02/2025,UPSR,,,,,0.00,,,0.00
02/2025,VED,,,,,0.00,,,0.00
02/2025,VIRI,,,,,0.00,,,0.00
02/2025,VIRT_X,,,,,0.00,,,0.00
02/2025,VOLT,,,,,0.00,,,0.00
02/2025,VTOL,,,,,0.00,,,0.00
02/2025,WFES,,,,,0.00,,,0.00
02/2025,WIN_X,,,,,0.00,,,0.00
02/2025,WLDP,,,,,0.00,,,0.00
02/2025,WRGS,,,,,0.00,,,0.00
02/2025,WRWE,,,,,0.00,,,0.00
02/2025,WRWW,,,,,0.00,,,0.00
02/2025,WSNR,,,,,0.00,,,0.00
02/2025,WTHW,,,,,0.00,,,0.00
02/2025,WXPI_X,,,,,0.00,,,0.00
02/2025,XOS2,,,,,0.00,,,0.00
02/2025,XOSW,,,,,0.00,,,0.00
02/2025,YUMS_X,,,,,0.00,,,0.00
02/2025,ZGEA_X,,,,,0.00,,,0.00
02/2025,ZION_X,,,,,0.00,,,0.00
02/2025,ZYET,,,,,0.00,,,0.00
